2026-09-22T00:21:06.235Z LIVE worker started → /home/runner/work/switch-rounds/switch-rounds/data (once)
2026-09-22T00:21:07.307Z once: done, 0 failure(s)
2026-09-22T00:35:34.561Z LIVE worker started → /home/runner/work/switch-rounds/switch-rounds/data (once)
2026-09-22T00:35:36.044Z once: done, 0 failure(s)
2026-09-22T01:13:09.734Z LIVE worker started → /home/runner/work/switch-rounds/switch-rounds/data (once)
2026-09-22T01:13:45.389Z round 1 exit 0 budget $0.00 · eligible 18 · excluded 10 (AMZN:low-volume, BABA:low-volume, CRWV:low-volume, DELL:low-volume, MSFT:low-volume, NBIS:low-volume, ORCL:low-volume, QQQ:low-volume, RKLB:low-volume, SGOV:low-volume) | ROLLED: budget-floor
2026-09-22T01:13:46.018Z once: done, 0 failure(s)
2026-09-22T01:28:10.222Z LIVE worker started → /home/runner/work/switch-rounds/switch-rounds/data (once)
2026-09-22T01:28:11.629Z once: done, 0 failure(s)
2026-09-22T02:15:22.869Z LIVE worker started → /home/runner/work/switch-rounds/switch-rounds/data (once)
2026-09-22T02:15:50.621Z round 2 exit 0 budget $0.00 · eligible 17 · excluded 10 (AMZN:low-volume, DELL:low-volume, MSFT:low-volume, NBIS:low-volume, ORCL:low-volume, QQQ:low-volume, RKLB:low-volume, SGOV:low-volume, SNDK:low-volume, TSM:low-volume) | ROLLED: budget-floor
2026-09-22T02:15:51.397Z once: done, 0 failure(s)
2026-09-22T02:29:34.475Z LIVE worker started → /home/runner/work/switch-rounds/switch-rounds/data (once)
2026-09-22T02:29:35.813Z once: done, 0 failure(s)
2026-09-22T03:15:55.674Z LIVE worker started → /home/runner/work/switch-rounds/switch-rounds/data (once)
2026-09-22T03:16:24.481Z round 3 exit 0 budget $0.00 · eligible 12 · excluded 13 (AMD:low-volume, AMZN:low-volume, BABA:low-volume, COIN:low-volume, DELL:low-volume, GME:low-volume, MSFT:low-volume, ORCL:low-volume, QQQ:low-volume, RKLB:low-volume, SGOV:low-volume, SNDK:low-volume, TSM:low-volume) | ROLLED: budget-floor
2026-09-22T03:16:25.428Z once: done, 0 failure(s)
2026-09-22T03:29:42.407Z LIVE worker started → /home/runner/work/switch-rounds/switch-rounds/data (once)
2026-09-22T03:29:43.703Z once: done, 0 failure(s)
2026-09-22T04:15:27.201Z LIVE worker started → /home/runner/work/switch-rounds/switch-rounds/data (once)
2026-09-22T04:15:56.523Z round 4 exit 0 budget $0.00 · eligible 13 · excluded 12 (AMD:low-volume, AMZN:low-volume, BABA:low-volume, DELL:low-volume, INTC:low-volume, MSFT:low-volume, ORCL:low-volume, PLTR:low-volume, QQQ:low-volume, SNDK:low-volume, TSLA:low-volume, TSM:low-volume) | ROLLED: budget-floor
2026-09-22T04:15:57.408Z once: done, 0 failure(s)
2026-09-22T04:29:18.707Z LIVE worker started → /home/runner/work/switch-rounds/switch-rounds/data (once)
2026-09-22T04:29:19.696Z once: done, 0 failure(s)
2026-09-22T05:15:04.170Z LIVE worker started → /home/runner/work/switch-rounds/switch-rounds/data (once)
2026-09-22T05:15:45.548Z round 5 exit 0 budget $0.00 · eligible 15 · excluded 11 (AMD:low-volume, AMZN:low-volume, BABA:low-volume, CRWV:low-volume, GME:low-volume, NBIS:low-volume, ORCL:low-volume, PLTR:low-volume, SNDK:low-volume, TSLA:low-volume, TSM:low-volume) | ROLLED: budget-floor
2026-09-22T05:15:46.387Z once: done, 0 failure(s)
2026-09-22T05:28:21.787Z LIVE worker started → /home/runner/work/switch-rounds/switch-rounds/data (once)
2026-09-22T05:28:22.705Z once: done, 0 failure(s)
2026-09-22T06:19:45.756Z LIVE worker started → /home/runner/work/switch-rounds/switch-rounds/data (once)
2026-09-22T06:20:25.997Z round 6 exit 0 budget $0.00 · eligible 17 · excluded 10 (AMZN:low-volume, BABA:low-volume, CRWV:low-volume, DELL:low-volume, GME:low-volume, NBIS:low-volume, ORCL:low-volume, QQQ:low-volume, SGOV:low-volume, SNDK:low-volume) | ROLLED: budget-floor
2026-09-22T06:20:26.726Z once: done, 0 failure(s)
2026-09-22T06:35:49.101Z LIVE worker started → /home/runner/work/switch-rounds/switch-rounds/data (once)
2026-09-22T06:35:50.475Z once: done, 0 failure(s)
2026-09-22T07:15:57.715Z LIVE worker started → /home/runner/work/switch-rounds/switch-rounds/data (once)
2026-09-22T07:16:32.093Z round 7 exit 0 budget $0.00 · eligible 10 · excluded 17 (AMD:low-volume, AMZN:low-volume, BABA:low-volume, COIN:low-volume, CRWV:low-volume, DELL:low-volume, GME:low-volume, GOOGL:low-volume, INTC:low-volume, MSFT:low-volume, NBIS:low-volume, ORCL:low-volume, PLTR:low-volume, QQQ:low-volume, SGOV:low-volume, SNDK:low-volume, TSM:low-volume) | ROLLED: budget-floor
2026-09-22T07:16:32.979Z once: done, 0 failure(s)
2026-09-22T07:29:34.551Z LIVE worker started → /home/runner/work/switch-rounds/switch-rounds/data (once)
2026-09-22T07:29:35.775Z once: done, 0 failure(s)
2026-09-22T08:16:50.272Z LIVE worker started → /home/runner/work/switch-rounds/switch-rounds/data (once)
2026-09-22T08:17:30.613Z round 8 exit 0 budget $0.00 · eligible 10 · excluded 14 (AMD:low-volume, AMZN:low-volume, BABA:low-volume, COIN:low-volume, GME:low-volume, GOOGL:low-volume, INTC:low-volume, MSFT:low-volume, NBIS:low-volume, ORCL:low-volume, PLTR:low-volume, SGOV:low-volume, SNDK:low-volume, TSM:low-volume) | ROLLED: budget-floor
2026-09-22T08:17:31.439Z once: done, 0 failure(s)
2026-09-22T08:30:49.995Z LIVE worker started → /home/runner/work/switch-rounds/switch-rounds/data (once)
2026-09-22T08:30:51.049Z once: done, 0 failure(s)
2026-09-22T09:16:23.521Z LIVE worker started → /home/runner/work/switch-rounds/switch-rounds/data (once)
2026-09-22T09:16:54.872Z round 9 exit 0 budget $0.00 · eligible 20 · excluded 7 (AMZN:low-volume, BABA:low-volume, GME:low-volume, NBIS:low-volume, ORCL:low-volume, RKLB:low-volume, SGOV:low-volume) | ROLLED: budget-floor
2026-09-22T09:16:55.860Z once: done, 0 failure(s)
2026-09-22T09:28:59.809Z LIVE worker started → /home/runner/work/switch-rounds/switch-rounds/data (once)
2026-09-22T09:29:01.628Z once: done, 0 failure(s)
2026-09-22T10:17:07.256Z LIVE worker started → /home/runner/work/switch-rounds/switch-rounds/data (once)
2026-09-22T10:17:40.090Z round 10 exit 0 budget $0.00 · eligible 13 · excluded 13 (AMD:low-volume, AMZN:low-volume, BABA:low-volume, COIN:low-volume, CRWV:low-volume, DELL:low-volume, GME:low-volume, MSFT:low-volume, NBIS:low-volume, ORCL:low-volume, RKLB:low-volume, SGOV:low-volume, SNDK:low-volume) | ROLLED: budget-floor
2026-09-22T10:17:41.069Z once: done, 0 failure(s)
2026-09-22T10:30:25.316Z LIVE worker started → /home/runner/work/switch-rounds/switch-rounds/data (once)
2026-09-22T10:30:26.514Z once: done, 0 failure(s)
2026-09-22T11:15:31.485Z LIVE worker started → /home/runner/work/switch-rounds/switch-rounds/data (once)
2026-09-22T11:16:10.382Z round 11 exit 0 budget $0.00 · eligible 12 · excluded 16 (AMD:low-volume, AMZN:low-volume, BABA:low-volume, COIN:low-volume, CRWV:low-volume, DELL:low-volume, GME:low-volume, GOOGL:low-volume, MSFT:low-volume, NBIS:low-volume, ORCL:low-volume, PLTR:low-volume, QQQ:low-volume, RKLB:low-volume, SNDK:low-volume, TSM:low-volume) | ROLLED: budget-floor
2026-09-22T11:16:11.425Z once: done, 0 failure(s)
2026-09-22T11:28:36.258Z LIVE worker started → /home/runner/work/switch-rounds/switch-rounds/data (once)
2026-09-22T11:28:37.474Z once: done, 0 failure(s)
2026-09-22T12:19:56.148Z LIVE worker started → /home/runner/work/switch-rounds/switch-rounds/data (once)
2026-09-22T12:20:39.599Z round 12 exit 0 budget $0.00 · eligible 13 · excluded 13 (AMD:low-volume, AMZN:low-volume, BABA:low-volume, CRWV:low-volume, GOOGL:low-volume, INTC:low-volume, NBIS:low-volume, ORCL:low-volume, PLTR:low-volume, QQQ:low-volume, SGOV:low-volume, SNDK:low-volume, TSM:low-volume) | ROLLED: budget-floor
2026-09-22T12:20:40.575Z once: done, 0 failure(s)
2026-09-22T12:35:02.531Z LIVE worker started → /home/runner/work/switch-rounds/switch-rounds/data (once)
2026-09-22T12:35:03.769Z once: done, 0 failure(s)
2026-09-22T13:16:36.150Z LIVE worker started → /home/runner/work/switch-rounds/switch-rounds/data (once)
2026-09-22T13:17:06.529Z round 13 exit 0 budget $0.00 · eligible 18 · excluded 8 (AMD:low-volume, BABA:low-volume, GME:low-volume, NBIS:low-volume, ORCL:low-volume, PLTR:low-volume, QQQ:low-volume, SNDK:low-volume) | ROLLED: budget-floor
2026-09-22T13:17:07.373Z once: done, 0 failure(s)
2026-09-22T13:31:18.721Z LIVE worker started → /home/runner/work/switch-rounds/switch-rounds/data (once)
2026-09-22T13:31:19.959Z once: done, 0 failure(s)
2026-09-22T14:16:03.019Z LIVE worker started → /home/runner/work/switch-rounds/switch-rounds/data (once)
2026-09-22T14:16:45.706Z round 14 exit 0 budget $82.52 · eligible 19 · excluded 8 (AMZN:thin-depth, BABA:low-volume, CRWV:thin-depth, GME:thin-depth, MU:thin-depth, NBIS:thin-depth, ORCL:low-volume, QQQ:low-volume) | WINNER SNDK: 0.0434 units at $1,897 → 153 holders · root 0x29638cdf3c059958… · acquire 0xda08aa496a2dde7d8c6e873a617eda2c62f45695b32c3f2b4773e6366d8119bf
2026-09-22T14:16:46.601Z once: done, 0 failure(s)
2026-09-22T14:30:39.931Z LIVE worker started → /home/runner/work/switch-rounds/switch-rounds/data (once)
2026-09-22T14:30:40.987Z once: done, 0 failure(s)
2026-09-22T15:15:48.080Z LIVE worker started → /home/runner/work/switch-rounds/switch-rounds/data (once)
2026-09-22T15:16:39.226Z round 15 exit 0 budget $0.00 · eligible 21 · excluded 7 (AMZN:low-volume, BABA:low-volume, MSFT:low-volume, ORCL:low-volume, QQQ:low-volume, RKLB:low-volume, SGOV:low-volume) | ROLLED: budget-floor
2026-09-22T15:16:40.465Z once: done, 0 failure(s)
2026-09-22T15:28:44.888Z LIVE worker started → /home/runner/work/switch-rounds/switch-rounds/data (once)
2026-09-22T15:28:46.419Z once: done, 0 failure(s)
2026-09-22T16:16:11.552Z LIVE worker started → /home/runner/work/switch-rounds/switch-rounds/data (once)
2026-09-22T16:16:45.907Z round 16 exit 0 budget $0.00 · eligible 19 · excluded 9 (AMD:low-volume, COIN:low-volume, GME:low-volume, NBIS:low-volume, ORCL:low-volume, QQQ:low-volume, RKLB:low-volume, SGOV:low-volume, TSM:low-volume) | ROLLED: budget-floor
2026-09-22T16:16:47.015Z once: done, 0 failure(s)
2026-09-22T16:30:59.275Z LIVE worker started → /home/runner/work/switch-rounds/switch-rounds/data (once)
2026-09-22T16:31:00.901Z once: done, 0 failure(s)
2026-09-22T17:14:48.504Z LIVE worker started → /home/runner/work/switch-rounds/switch-rounds/data (once)
2026-09-22T17:15:35.147Z round 17 exit 0 budget $0.00 · eligible 18 · excluded 10 (AMZN:low-volume, BABA:low-volume, COIN:low-volume, INTC:low-volume, MSFT:low-volume, NBIS:low-volume, ORCL:low-volume, QQQ:low-volume, RKLB:low-volume, SGOV:low-volume) | ROLLED: budget-floor
2026-09-22T17:15:36.226Z once: done, 0 failure(s)
2026-09-22T17:28:18.139Z LIVE worker started → /home/runner/work/switch-rounds/switch-rounds/data (once)
2026-09-22T17:28:19.419Z once: done, 0 failure(s)
2026-09-22T18:19:16.450Z LIVE worker started → /home/runner/work/switch-rounds/switch-rounds/data (once)
2026-09-22T18:19:50.886Z round 18 exit 0 budget $0.00 · eligible 17 · excluded 11 (AMZN:low-volume, BABA:low-volume, COIN:low-volume, CRWV:low-volume, DELL:low-volume, INTC:low-volume, MSFT:low-volume, NBIS:low-volume, ORCL:low-volume, QQQ:low-volume, RKLB:low-volume) | ROLLED: budget-floor
2026-09-22T18:19:51.914Z once: done, 0 failure(s)
2026-09-22T18:31:06.847Z LIVE worker started → /home/runner/work/switch-rounds/switch-rounds/data (once)
2026-09-22T18:31:13.071Z 18:31:08 push batch 3 leaves 1–40 of 97: sent 0x658ce316a66c0646a289fcd6934afbfbccf49d8c89191691a2d28480a446cf4f | 18:31:10 push batch 3 leaves 1–40 of 97: confirmed in block 69871426, gas 2847852 | 18:31:10 push batch 3 leaves 41–80 of 97: sent 0x403b7515b8cf5e99b33c3b5d138b69ef9a7b4d861aaf9bde16926467fc72d954 | 18:31:11 push batch 3 leaves 41–80 of 97: confirmed in block 69871447, gas 2841026 | 
2026-09-22T18:31:13.071Z once: done, 0 failure(s)
2026-09-22T18:33:23.089Z LIVE worker started → /home/runner/work/switch-rounds/switch-rounds/data (once)
2026-09-22T18:33:24.301Z once: done, 0 failure(s)
2026-09-22T19:13:43.820Z LIVE worker started → /home/runner/work/switch-rounds/switch-rounds/data (once)
2026-09-22T19:14:24.010Z round 19 exit 0 budget $0.00 · eligible 16 · excluded 11 (AMZN:low-volume, BABA:low-volume, CRWV:low-volume, DELL:low-volume, GME:low-volume, ORCL:low-volume, PLTR:low-volume, QQQ:low-volume, RKLB:low-volume, SGOV:low-volume, SNDK:low-volume) | ROLLED: budget-floor
2026-09-22T19:14:24.908Z once: done, 0 failure(s)
2026-09-22T19:27:05.161Z LIVE worker started → /home/runner/work/switch-rounds/switch-rounds/data (once)
2026-09-22T19:27:06.352Z once: done, 0 failure(s)
2026-09-22T20:15:24.896Z LIVE worker started → /home/runner/work/switch-rounds/switch-rounds/data (once)
2026-09-22T20:15:58.954Z round 20 exit 0 budget $0.00 · eligible 14 · excluded 12 (AMZN:low-volume, BABA:low-volume, COIN:low-volume, CRWV:low-volume, DELL:low-volume, GME:low-volume, MSFT:low-volume, ORCL:low-volume, PLTR:low-volume, QQQ:low-volume, RKLB:low-volume, SNDK:low-volume) | ROLLED: budget-floor
2026-09-22T20:15:59.897Z once: done, 0 failure(s)
2026-09-22T20:28:46.524Z LIVE worker started → /home/runner/work/switch-rounds/switch-rounds/data (once)
2026-09-22T20:28:47.889Z once: done, 0 failure(s)
2026-09-22T21:14:22.722Z LIVE worker started → /home/runner/work/switch-rounds/switch-rounds/data (once)
2026-09-22T21:15:18.704Z round 21 exit 0 budget $0.00 · eligible 12 · excluded 13 (AMZN:low-volume, BABA:low-volume, DELL:low-volume, GME:low-volume, MSFT:low-volume, ORCL:low-volume, PLTR:low-volume, QQQ:low-volume, RKLB:low-volume, SGOV:low-volume, SNDK:low-volume, TSLA:low-volume, TSM:low-volume) | ROLLED: budget-floor
2026-09-22T21:15:19.457Z once: done, 0 failure(s)
2026-09-22T21:27:38.652Z LIVE worker started → /home/runner/work/switch-rounds/switch-rounds/data (once)
2026-09-22T21:27:39.995Z once: done, 0 failure(s)
2026-09-22T22:14:41.145Z LIVE worker started → /home/runner/work/switch-rounds/switch-rounds/data (once)
2026-09-22T22:16:21.601Z round 22 exit 1 /home/runner/work/switch-rounds/switch-rounds/dapp/node_modules/viem/utils/errors/getContractError.ts:82 |   return new ContractFunctionExecutionError(cause as BaseError, { | ContractFunctionExecutionError: RPC Request failed. |     at getContractError (/home/runner/work/switch-rounds/switch-rounds/dapp/node_modules/viem/utils/errors/getContractError.ts:82:10) |   cause: TransactionExecutionError:
2026-09-22T22:19:29.711Z round 22 exit 0 budget $0.00 · eligible 14 · excluded 10 (AMZN:low-volume, BABA:low-volume, COIN:low-volume, DELL:low-volume, GME:low-volume, ORCL:low-volume, QQQ:low-volume, SGOV:low-volume, SNDK:low-volume, TSM:low-volume) | ROLLED: budget-floor
2026-09-22T22:19:30.528Z once: done, 0 failure(s)
2026-09-22T22:27:49.856Z LIVE worker started → /home/runner/work/switch-rounds/switch-rounds/data (once)
2026-09-22T22:27:50.937Z once: done, 0 failure(s)
2026-09-22T23:13:31.354Z LIVE worker started → /home/runner/work/switch-rounds/switch-rounds/data (once)
2026-09-22T23:14:07.092Z round 23 exit 0 budget $0.00 · eligible 14 · excluded 11 (AMD:low-volume, AMZN:low-volume, BABA:low-volume, CRWV:low-volume, DELL:low-volume, GME:low-volume, INTC:low-volume, ORCL:low-volume, SGOV:low-volume, SNDK:low-volume, TSM:low-volume) | ROLLED: budget-floor
2026-09-22T23:14:07.940Z once: done, 0 failure(s)
2026-09-22T23:26:47.773Z LIVE worker started → /home/runner/work/switch-rounds/switch-rounds/data (once)
2026-09-22T23:26:48.621Z once: done, 0 failure(s)
2026-09-23T00:20:24.532Z LIVE worker started → /home/runner/work/switch-rounds/switch-rounds/data (once)
2026-09-23T00:20:59.881Z round 24 exit 0 budget $0.00 · eligible 12 · excluded 15 (AMZN:low-volume, BABA:low-volume, COIN:low-volume, CRWV:low-volume, DELL:low-volume, GME:low-volume, INTC:low-volume, MSFT:low-volume, ORCL:low-volume, PLTR:low-volume, QQQ:low-volume, RKLB:low-volume, SGOV:low-volume, SNDK:low-volume, TSLA:low-volume) | ROLLED: budget-floor
2026-09-23T00:21:00.561Z once: done, 0 failure(s)
2026-09-23T00:34:28.123Z LIVE worker started → /home/runner/work/switch-rounds/switch-rounds/data (once)
2026-09-23T00:34:29.431Z once: done, 0 failure(s)
2026-09-23T01:09:16.365Z LIVE worker started → /home/runner/work/switch-rounds/switch-rounds/data (once)
2026-09-23T01:09:50.018Z round 25 exit 0 budget $0.00 · eligible 12 · excluded 14 (AMD:low-volume, AMZN:low-volume, BABA:low-volume, COIN:low-volume, CRWV:low-volume, GME:low-volume, INTC:low-volume, MSFT:low-volume, ORCL:low-volume, PLTR:low-volume, QQQ:low-volume, SGOV:low-volume, SNDK:low-volume, TSM:low-volume) | ROLLED: budget-floor
2026-09-23T01:09:50.754Z once: done, 0 failure(s)
2026-09-23T01:14:31.245Z LIVE worker started → /home/runner/work/switch-rounds/switch-rounds/data (once)
2026-09-23T01:14:32.585Z once: done, 0 failure(s)
2026-09-23T01:28:44.375Z LIVE worker started → /home/runner/work/switch-rounds/switch-rounds/data (once)
2026-09-23T01:28:45.407Z once: done, 0 failure(s)
2026-09-23T02:15:57.383Z LIVE worker started → /home/runner/work/switch-rounds/switch-rounds/data (once)
2026-09-23T02:16:27.497Z round 26 exit 0 budget $0.00 · eligible 14 · excluded 13 (AMD:low-volume, AMZN:low-volume, COIN:low-volume, CRWV:low-volume, DELL:low-volume, GME:low-volume, MSFT:low-volume, ORCL:low-volume, QQQ:low-volume, RKLB:low-volume, SNDK:low-volume, TSLA:low-volume, TSM:low-volume) | ROLLED: budget-floor
2026-09-23T02:16:28.370Z once: done, 0 failure(s)
2026-09-23T02:29:31.526Z LIVE worker started → /home/runner/work/switch-rounds/switch-rounds/data (once)
2026-09-23T02:29:32.782Z once: done, 0 failure(s)
2026-09-23T03:16:12.471Z LIVE worker started → /home/runner/work/switch-rounds/switch-rounds/data (once)
2026-09-23T03:16:43.169Z round 27 exit 0 budget $0.00 · eligible 13 · excluded 12 (AMD:low-volume, AMZN:low-volume, COIN:low-volume, DELL:low-volume, GME:low-volume, GOOGL:low-volume, INTC:low-volume, NBIS:low-volume, RKLB:low-volume, SGOV:low-volume, TSLA:low-volume, TSM:low-volume) | ROLLED: budget-floor
2026-09-23T03:16:44.111Z once: done, 0 failure(s)
2026-09-23T03:29:56.345Z LIVE worker started → /home/runner/work/switch-rounds/switch-rounds/data (once)
2026-09-23T03:29:57.646Z once: done, 0 failure(s)
2026-09-23T04:16:35.719Z LIVE worker started → /home/runner/work/switch-rounds/switch-rounds/data (once)
2026-09-23T04:17:16.386Z round 28 exit 0 budget $0.00 · eligible 12 · excluded 12 (AMD:low-volume, AMZN:low-volume, BABA:low-volume, DELL:low-volume, GME:low-volume, GOOGL:low-volume, INTC:low-volume, NBIS:low-volume, SGOV:low-volume, SNDK:low-volume, TSLA:low-volume, TSM:low-volume) | ROLLED: budget-floor
2026-09-23T04:17:17.521Z once: done, 0 failure(s)
2026-09-23T04:30:05.408Z LIVE worker started → /home/runner/work/switch-rounds/switch-rounds/data (once)
2026-09-23T04:30:06.811Z once: done, 0 failure(s)
2026-09-23T05:14:32.429Z LIVE worker started → /home/runner/work/switch-rounds/switch-rounds/data (once)
2026-09-23T05:15:05.082Z round 29 exit 0 budget $0.00 · eligible 15 · excluded 11 (AMZN:low-volume, BABA:low-volume, DELL:low-volume, INTC:low-volume, MSFT:low-volume, QQQ:low-volume, RKLB:low-volume, SGOV:low-volume, SNDK:low-volume, TSLA:low-volume, TSM:low-volume) | ROLLED: budget-floor
2026-09-23T05:15:05.978Z once: done, 0 failure(s)
2026-09-23T05:28:39.218Z LIVE worker started → /home/runner/work/switch-rounds/switch-rounds/data (once)
2026-09-23T05:28:40.387Z once: done, 0 failure(s)
2026-09-23T06:20:37.664Z LIVE worker started → /home/runner/work/switch-rounds/switch-rounds/data (once)
2026-09-23T06:21:10.420Z round 30 exit 0 budget $0.00 · eligible 11 · excluded 13 (AMZN:low-volume, BABA:low-volume, COIN:low-volume, CRWV:low-volume, GME:low-volume, GOOGL:low-volume, INTC:low-volume, MSFT:low-volume, QQQ:low-volume, SGOV:low-volume, SNDK:low-volume, TSLA:low-volume, TSM:low-volume) | ROLLED: budget-floor
2026-09-23T06:21:11.321Z once: done, 0 failure(s)
2026-09-23T06:35:55.802Z LIVE worker started → /home/runner/work/switch-rounds/switch-rounds/data (once)
2026-09-23T06:35:56.999Z once: done, 0 failure(s)
2026-09-23T07:16:33.633Z LIVE worker started → /home/runner/work/switch-rounds/switch-rounds/data (once)
2026-09-23T07:17:06.511Z round 31 exit 0 budget $0.00 · eligible 12 · excluded 15 (AAPL:low-volume, AMZN:low-volume, BABA:low-volume, COIN:low-volume, CRWV:low-volume, DELL:low-volume, GME:low-volume, INTC:low-volume, MSFT:low-volume, ORCL:low-volume, QQQ:low-volume, RKLB:low-volume, SGOV:low-volume, SNDK:low-volume, TSM:low-volume) | ROLLED: budget-floor
2026-09-23T07:17:07.339Z once: done, 0 failure(s)
2026-09-23T07:30:39.662Z LIVE worker started → /home/runner/work/switch-rounds/switch-rounds/data (once)
2026-09-23T07:30:40.603Z once: done, 0 failure(s)
2026-09-23T08:16:39.779Z LIVE worker started → /home/runner/work/switch-rounds/switch-rounds/data (once)
2026-09-23T08:17:10.390Z round 32 exit 0 budget $0.00 · eligible 12 · excluded 14 (AMD:low-volume, BABA:low-volume, COIN:low-volume, CRWV:low-volume, DELL:low-volume, GME:low-volume, INTC:low-volume, MSFT:low-volume, QQQ:low-volume, RKLB:low-volume, SGOV:low-volume, SNDK:low-volume, TSLA:low-volume, TSM:low-volume) | ROLLED: budget-floor
2026-09-23T08:17:11.254Z once: done, 0 failure(s)
2026-09-23T08:30:43.779Z LIVE worker started → /home/runner/work/switch-rounds/switch-rounds/data (once)
2026-09-23T08:30:44.942Z once: done, 0 failure(s)
2026-09-23T09:16:46.585Z LIVE worker started → /home/runner/work/switch-rounds/switch-rounds/data (once)
2026-09-23T09:17:19.212Z round 33 exit 0 budget $0.00 · eligible 14 · excluded 14 (AMD:low-volume, AMZN:low-volume, BABA:low-volume, CRWV:low-volume, DELL:low-volume, INTC:low-volume, MSFT:low-volume, MU:low-volume, ORCL:low-volume, QQQ:low-volume, RKLB:low-volume, SGOV:low-volume, SNDK:low-volume, TSM:low-volume) | ROLLED: budget-floor
2026-09-23T09:17:20.127Z once: done, 0 failure(s)
2026-09-23T09:29:56.376Z LIVE worker started → /home/runner/work/switch-rounds/switch-rounds/data (once)
2026-09-23T09:29:57.533Z once: done, 0 failure(s)
2026-09-23T10:15:57.377Z LIVE worker started → /home/runner/work/switch-rounds/switch-rounds/data (once)
2026-09-23T10:16:26.974Z round 34 exit 0 budget $0.00 · eligible 12 · excluded 14 (AMD:low-volume, AMZN:low-volume, COIN:low-volume, CRWV:low-volume, DELL:low-volume, GME:low-volume, INTC:low-volume, MU:low-volume, NBIS:low-volume, ORCL:low-volume, QQQ:low-volume, SGOV:low-volume, TSLA:low-volume, TSM:low-volume) | ROLLED: budget-floor
2026-09-23T10:16:27.858Z once: done, 0 failure(s)
2026-09-23T10:29:47.006Z LIVE worker started → /home/runner/work/switch-rounds/switch-rounds/data (once)
2026-09-23T10:29:48.237Z once: done, 0 failure(s)
2026-09-23T11:15:29.215Z LIVE worker started → /home/runner/work/switch-rounds/switch-rounds/data (once)
2026-09-23T11:15:57.382Z round 35 exit 0 budget $0.00 · eligible 13 · excluded 14 (AAPL:low-volume, AMZN:low-volume, BABA:low-volume, DELL:low-volume, GME:low-volume, INTC:low-volume, MSFT:low-volume, MU:low-volume, NBIS:low-volume, PLTR:low-volume, QQQ:low-volume, RKLB:low-volume, SNDK:low-volume, TSM:low-volume) | ROLLED: budget-floor
2026-09-23T11:15:58.201Z once: done, 0 failure(s)
2026-09-23T11:29:16.065Z LIVE worker started → /home/runner/work/switch-rounds/switch-rounds/data (once)
2026-09-23T11:29:17.158Z once: done, 0 failure(s)
2026-09-23T12:19:55.237Z LIVE worker started → /home/runner/work/switch-rounds/switch-rounds/data (once)
2026-09-23T12:20:40.274Z round 36 exit 0 budget $0.00 · eligible 22 · excluded 6 (AMD:low-volume, AMZN:low-volume, ORCL:low-volume, QQQ:low-volume, RKLB:low-volume, SNDK:low-volume) | ROLLED: budget-floor
2026-09-23T12:20:40.910Z once: done, 0 failure(s)
2026-09-23T12:35:26.830Z LIVE worker started → /home/runner/work/switch-rounds/switch-rounds/data (once)
2026-09-23T12:35:28.490Z once: done, 0 failure(s)
2026-09-23T13:17:14.925Z LIVE worker started → /home/runner/work/switch-rounds/switch-rounds/data (once)
2026-09-23T13:17:59.366Z round 37 exit 0 budget $0.00 · eligible 15 · excluded 12 (AMZN:low-volume, BABA:low-volume, CRWV:low-volume, DELL:low-volume, GME:low-volume, MSFT:low-volume, NBIS:low-volume, ORCL:low-volume, QQQ:low-volume, SGOV:low-volume, SNDK:low-volume, TSM:low-volume) | ROLLED: budget-floor
2026-09-23T13:18:00.209Z once: done, 0 failure(s)
2026-09-23T13:31:04.393Z LIVE worker started → /home/runner/work/switch-rounds/switch-rounds/data (once)
2026-09-23T13:31:05.706Z once: done, 0 failure(s)
2026-09-23T14:16:50.849Z LIVE worker started → /home/runner/work/switch-rounds/switch-rounds/data (once)
2026-09-23T14:20:29.035Z round 38 exit 0 budget $0.00 · eligible 20 · excluded 6 (AMD:low-volume, ORCL:low-volume, QQQ:low-volume, RKLB:low-volume, SGOV:low-volume, TSM:low-volume) | ROLLED: budget-floor
2026-09-23T14:20:30.371Z once: done, 0 failure(s)
2026-09-23T14:31:14.446Z LIVE worker started → /home/runner/work/switch-rounds/switch-rounds/data (once)
2026-09-23T14:31:16.208Z once: done, 0 failure(s)
2026-09-23T15:15:29.505Z LIVE worker started → /home/runner/work/switch-rounds/switch-rounds/data (once)
2026-09-23T15:16:07.433Z round 39 exit 0 budget $49.99 · eligible 24 · excluded 4 (NBIS:low-volume, ORCL:low-volume, RKLB:low-volume, SGOV:low-volume) | ROLLED: slippage-bound
2026-09-23T15:16:08.621Z once: done, 0 failure(s)
2026-09-23T15:30:28.566Z LIVE worker started → /home/runner/work/switch-rounds/switch-rounds/data (once)
2026-09-23T15:30:30.186Z once: done, 0 failure(s)
2026-09-23T16:17:21.343Z LIVE worker started → /home/runner/work/switch-rounds/switch-rounds/data (once)
2026-09-23T16:17:57.689Z round 40 exit 0 budget $49.99 · eligible 18 · excluded 10 (AMD:low-volume, AMZN:low-volume, INTC:low-volume, MSFT:low-volume, MU:low-volume, NBIS:low-volume, ORCL:low-volume, QQQ:low-volume, RKLB:low-volume, SNDK:low-volume) | WINNER USO: 0.3348 units at $149.30 → 155 holders · root 0xd20b26259df710f8… · acquire 0xd24965249a3abad39b174e9c06c36bce60c731fc34b9eded819477ae55de59b7
2026-09-23T16:17:58.732Z once: done, 0 failure(s)
2026-09-23T16:31:56.830Z LIVE worker started → /home/runner/work/switch-rounds/switch-rounds/data (once)
2026-09-23T16:31:58.226Z once: done, 0 failure(s)
2026-09-23T17:15:39.993Z LIVE worker started → /home/runner/work/switch-rounds/switch-rounds/data (once)
2026-09-23T17:16:18.516Z round 41 exit 0 budget $25.44 · eligible 17 · excluded 11 (AMZN:low-volume, BABA:low-volume, COIN:low-volume, CRWV:low-volume, INTC:low-volume, NBIS:low-volume, ORCL:low-volume, QQQ:low-volume, RKLB:low-volume, SGOV:low-volume, TSM:low-volume) | WINNER CRCL: 0.2744 units at $92.72 → 153 holders · root 0x2ace130b670f2db6… · acquire 0x8ca5c37839cdf6ec777f5cdac7f736e42564e5ea3c3e8f328a67826cb7c1e1fe
2026-09-23T17:16:19.303Z once: done, 0 failure(s)
2026-09-23T17:29:03.289Z LIVE worker started → /home/runner/work/switch-rounds/switch-rounds/data (once)
2026-09-23T17:29:04.812Z once: done, 0 failure(s)
2026-09-23T18:19:25.800Z LIVE worker started → /home/runner/work/switch-rounds/switch-rounds/data (once)
2026-09-23T18:20:03.361Z round 42 exit 0 budget $0.00 · eligible 17 · excluded 9 (AMD:low-volume, AMZN:low-volume, CRWV:low-volume, INTC:low-volume, NBIS:low-volume, RKLB:low-volume, SGOV:low-volume, SNDK:low-volume, TSM:low-volume) | ROLLED: budget-floor
2026-09-23T18:20:04.687Z once: done, 0 failure(s)
2026-09-23T18:32:52.396Z LIVE worker started → /home/runner/work/switch-rounds/switch-rounds/data (once)
2026-09-23T18:33:01.537Z 18:32:54 push batch 7 leaves 1–40 of 161: sent 0xa43a54e346cec5bb8cdd0f928ad370f92d82c989f55257a70ad46fe679cec8e9 | 18:32:56 push batch 7 leaves 1–40 of 161: confirmed in block 70730727, gas 2912801 | 18:32:56 push batch 7 leaves 41–80 of 161: sent 0x5dc5e3342daacd4ea9b011dc59a12960b31821ddb9b7efe4c0b09965ad2d7af7 | 18:32:57 push batch 7 leaves 41–80 of 161: confirmed in block 70730747, gas 282424
2026-09-23T18:33:01.538Z once: done, 0 failure(s)
2026-09-23T19:13:58.947Z LIVE worker started → /home/runner/work/switch-rounds/switch-rounds/data (once)
2026-09-23T19:14:33.506Z round 43 exit 0 budget $0.00 · eligible 14 · excluded 13 (AMD:low-volume, AMZN:low-volume, BABA:low-volume, CRWV:low-volume, DELL:low-volume, GOOGL:low-volume, MU:low-volume, ORCL:low-volume, QQQ:low-volume, RKLB:low-volume, SGOV:low-volume, SNDK:low-volume, TSM:low-volume) | ROLLED: budget-floor
2026-09-23T19:14:34.209Z once: done, 0 failure(s)
2026-09-23T19:28:25.074Z LIVE worker started → /home/runner/work/switch-rounds/switch-rounds/data (once)
2026-09-23T19:28:26.196Z once: done, 0 failure(s)
2026-09-23T20:16:52.342Z LIVE worker started → /home/runner/work/switch-rounds/switch-rounds/data (once)
2026-09-23T20:17:25.581Z round 44 exit 0 budget $0.00 · eligible 15 · excluded 12 (AMD:low-volume, AMZN:low-volume, BABA:low-volume, COIN:low-volume, CRWV:low-volume, MU:low-volume, NBIS:low-volume, ORCL:low-volume, QQQ:low-volume, RKLB:low-volume, TSLA:low-volume, TSM:low-volume) | ROLLED: budget-floor
2026-09-23T20:17:26.509Z once: done, 0 failure(s)
2026-09-23T20:29:48.461Z LIVE worker started → /home/runner/work/switch-rounds/switch-rounds/data (once)
2026-09-23T20:29:49.477Z once: done, 0 failure(s)
2026-09-23T21:15:32.920Z LIVE worker started → /home/runner/work/switch-rounds/switch-rounds/data (once)
2026-09-23T21:16:15.456Z round 45 exit 0 budget $0.00 · eligible 13 · excluded 15 (AMD:low-volume, AMZN:low-volume, BABA:low-volume, COIN:low-volume, CRWV:low-volume, DELL:low-volume, GME:low-volume, MU:low-volume, NBIS:low-volume, ORCL:low-volume, QQQ:low-volume, RKLB:low-volume, SGOV:low-volume, SNDK:low-volume, TSM:low-volume) | ROLLED: budget-floor
2026-09-23T21:16:16.404Z once: done, 0 failure(s)
2026-09-23T21:28:44.924Z LIVE worker started → /home/runner/work/switch-rounds/switch-rounds/data (once)
2026-09-23T21:28:46.204Z once: done, 0 failure(s)
2026-09-23T22:15:17.908Z LIVE worker started → /home/runner/work/switch-rounds/switch-rounds/data (once)
2026-09-23T22:15:54.130Z round 46 exit 0 budget $49.99 · eligible 9 · excluded 16 (AMD:low-volume, AMZN:low-volume, BABA:low-volume, COIN:low-volume, CRCL:low-volume, DELL:low-volume, GOOGL:low-volume, MSFT:low-volume, MU:low-volume, NVDA:thin-depth, ORCL:low-volume, QQQ:low-volume, SGOV:low-volume, SNDK:low-volume, TSLA:low-volume, TSM:low-volume) | WINNER MSTR: 0.3067 units at $163.01 → 155 holders · root 0x40da4d0dec0eabfc… · acquire 
2026-09-23T22:15:55.012Z once: done, 0 failure(s)
2026-09-23T22:28:02.421Z LIVE worker started → /home/runner/work/switch-rounds/switch-rounds/data (once)
2026-09-23T22:28:03.681Z once: done, 0 failure(s)
2026-09-23T23:12:38.483Z LIVE worker started → /home/runner/work/switch-rounds/switch-rounds/data (once)
2026-09-23T23:13:16.652Z round 47 exit 0 budget $3.34 · eligible 11 · excluded 14 (AMD:low-volume, AMZN:low-volume, BABA:low-volume, COIN:low-volume, DELL:low-volume, GME:low-volume, INTC:low-volume, MSFT:low-volume, MU:low-volume, NBIS:low-volume, QQQ:low-volume, SGOV:low-volume, SNDK:low-volume, TSM:low-volume) | ROLLED: budget-floor
2026-09-23T23:13:17.466Z once: done, 0 failure(s)
2026-09-23T23:25:27.709Z LIVE worker started → /home/runner/work/switch-rounds/switch-rounds/data (once)
2026-09-23T23:25:29.080Z once: done, 0 failure(s)
2026-09-24T00:21:31.621Z LIVE worker started → /home/runner/work/switch-rounds/switch-rounds/data (once)
2026-09-24T00:22:09.135Z round 48 exit 0 budget $3.34 · eligible 9 · excluded 17 (AMD:low-volume, AMZN:low-volume, BABA:low-volume, COIN:low-volume, DELL:low-volume, GME:low-volume, GOOGL:low-volume, INTC:low-volume, MSFT:low-volume, MU:low-volume, NBIS:low-volume, QQQ:low-volume, RKLB:low-volume, SGOV:low-volume, SNDK:low-volume, TSLA:low-volume, TSM:low-volume) | ROLLED: budget-floor
2026-09-24T00:22:10.146Z once: done, 0 failure(s)
2026-09-24T00:36:56.008Z LIVE worker started → /home/runner/work/switch-rounds/switch-rounds/data (once)
2026-09-24T00:37:02.980Z 00:36:58 push batch 8 leaves 1–40 of 89: sent 0x68f527ad619b352844455007ff4f5027808dd0eda9aa21759e89cd55c2ef7fe5 | 00:36:59 push batch 8 leaves 1–40 of 89: confirmed in block 70947541, gas 2795653 | 00:37:00 push batch 8 leaves 41–80 of 89: sent 0x7052735c809bde55862a61cb78c8d019484d82bb8cb4aa6c872185835adfc6a7 | 00:37:01 push batch 8 leaves 41–80 of 89: confirmed in block 70947559, gas 2813454 | 
2026-09-24T00:37:02.981Z once: done, 0 failure(s)
2026-09-24T01:14:51.421Z LIVE worker started → /home/runner/work/switch-rounds/switch-rounds/data (once)
2026-09-24T01:15:29.383Z round 49 exit 0 budget $3.32 · eligible 11 · excluded 17 (AMD:low-volume, AMZN:low-volume, BABA:low-volume, COIN:low-volume, CRWV:low-volume, DELL:low-volume, GME:low-volume, GOOGL:low-volume, MSFT:low-volume, MU:low-volume, NBIS:low-volume, QQQ:low-volume, RKLB:low-volume, SGOV:low-volume, SNDK:low-volume, TSLA:low-volume, TSM:low-volume) | ROLLED: budget-floor
2026-09-24T01:15:30.399Z once: done, 0 failure(s)
2026-09-24T01:28:24.907Z LIVE worker started → /home/runner/work/switch-rounds/switch-rounds/data (once)
2026-09-24T01:28:26.171Z once: done, 0 failure(s)
2026-09-24T02:15:33.122Z LIVE worker started → /home/runner/work/switch-rounds/switch-rounds/data (once)
2026-09-24T02:16:02.952Z round 50 exit 0 budget $3.30 · eligible 11 · excluded 16 (AMD:low-volume, AMZN:low-volume, CRWV:low-volume, GME:low-volume, GOOGL:low-volume, INTC:low-volume, MSFT:low-volume, MU:low-volume, NBIS:low-volume, ORCL:low-volume, QQQ:low-volume, RKLB:low-volume, SGOV:low-volume, SNDK:low-volume, TSLA:low-volume, TSM:low-volume) | ROLLED: budget-floor
2026-09-24T02:16:03.892Z once: done, 0 failure(s)
2026-09-24T02:29:56.787Z LIVE worker started → /home/runner/work/switch-rounds/switch-rounds/data (once)
2026-09-24T02:29:59.160Z once: done, 0 failure(s)
2026-09-24T03:15:56.578Z LIVE worker started → /home/runner/work/switch-rounds/switch-rounds/data (once)
2026-09-24T03:16:29.674Z round 51 exit 0 budget $3.32 · eligible 12 · excluded 14 (AMD:low-volume, AMZN:low-volume, CRWV:low-volume, GME:low-volume, INTC:low-volume, MSFT:low-volume, MU:low-volume, NBIS:low-volume, ORCL:low-volume, QQQ:low-volume, SGOV:low-volume, SNDK:low-volume, TSLA:low-volume, TSM:low-volume) | ROLLED: budget-floor
2026-09-24T03:16:30.617Z once: done, 0 failure(s)
2026-09-24T03:29:46.327Z LIVE worker started → /home/runner/work/switch-rounds/switch-rounds/data (once)
2026-09-24T03:29:47.359Z once: done, 0 failure(s)
2026-09-24T04:16:11.600Z LIVE worker started → /home/runner/work/switch-rounds/switch-rounds/data (once)
2026-09-24T04:16:54.263Z round 52 exit 0 budget $3.32 · eligible 12 · excluded 13 (AMD:low-volume, AMZN:low-volume, COIN:low-volume, CRWV:low-volume, DELL:low-volume, GME:low-volume, INTC:low-volume, MU:low-volume, NBIS:low-volume, ORCL:low-volume, SNDK:low-volume, TSLA:low-volume, TSM:low-volume) | ROLLED: budget-floor
2026-09-24T04:16:55.075Z once: done, 0 failure(s)
2026-09-24T04:30:16.177Z LIVE worker started → /home/runner/work/switch-rounds/switch-rounds/data (once)
2026-09-24T04:30:17.302Z once: done, 0 failure(s)
2026-09-24T05:14:59.858Z LIVE worker started → /home/runner/work/switch-rounds/switch-rounds/data (once)
2026-09-24T05:15:41.938Z round 53 exit 0 budget $3.34 · eligible 15 · excluded 13 (AMD:low-volume, AMZN:low-volume, BABA:low-volume, COIN:low-volume, CRWV:low-volume, GME:low-volume, INTC:low-volume, NBIS:low-volume, ORCL:low-volume, QQQ:low-volume, RKLB:low-volume, SGOV:low-volume, TSM:low-volume) | ROLLED: budget-floor
2026-09-24T05:15:42.954Z once: done, 0 failure(s)
2026-09-24T05:28:46.327Z LIVE worker started → /home/runner/work/switch-rounds/switch-rounds/data (once)
2026-09-24T05:28:47.282Z once: done, 0 failure(s)
2026-09-24T06:20:25.462Z LIVE worker started → /home/runner/work/switch-rounds/switch-rounds/data (once)
2026-09-24T06:20:56.831Z round 54 exit 0 budget $3.32 · eligible 14 · excluded 11 (AMD:low-volume, AMZN:low-volume, COIN:low-volume, INTC:low-volume, MSFT:low-volume, NBIS:low-volume, ORCL:low-volume, QQQ:low-volume, SGOV:low-volume, SNDK:low-volume, TSM:low-volume) | ROLLED: budget-floor
2026-09-24T06:20:57.754Z once: done, 0 failure(s)
2026-09-24T06:35:46.271Z LIVE worker started → /home/runner/work/switch-rounds/switch-rounds/data (once)
2026-09-24T06:35:47.587Z once: done, 0 failure(s)
2026-09-24T07:16:49.994Z LIVE worker started → /home/runner/work/switch-rounds/switch-rounds/data (once)
2026-09-24T07:17:27.944Z round 55 exit 0 budget $3.32 · eligible 14 · excluded 12 (AMZN:low-volume, BABA:low-volume, COIN:low-volume, CRWV:low-volume, DELL:low-volume, GME:low-volume, INTC:low-volume, MSFT:low-volume, ORCL:low-volume, QQQ:low-volume, RKLB:low-volume, TSM:low-volume) | ROLLED: budget-floor
2026-09-24T07:17:28.903Z once: done, 0 failure(s)
2026-09-24T07:30:44.568Z LIVE worker started → /home/runner/work/switch-rounds/switch-rounds/data (once)
2026-09-24T07:30:45.925Z once: done, 0 failure(s)
2026-09-24T08:17:27.797Z LIVE worker started → /home/runner/work/switch-rounds/switch-rounds/data (once)
2026-09-24T08:17:56.938Z round 56 exit 0 budget $3.34 · eligible 11 · excluded 16 (AMD:low-volume, AMZN:low-volume, BABA:low-volume, COIN:low-volume, CRWV:low-volume, DELL:low-volume, GOOGL:low-volume, INTC:low-volume, MSFT:low-volume, MU:low-volume, ORCL:low-volume, QQQ:low-volume, RKLB:low-volume, SGOV:low-volume, SNDK:low-volume, TSM:low-volume) | ROLLED: budget-floor
2026-09-24T08:17:57.808Z once: done, 0 failure(s)
2026-09-24T08:32:01.559Z LIVE worker started → /home/runner/work/switch-rounds/switch-rounds/data (once)
2026-09-24T08:32:02.764Z once: done, 0 failure(s)
2026-09-24T09:16:59.740Z LIVE worker started → /home/runner/work/switch-rounds/switch-rounds/data (once)
2026-09-24T09:17:36.231Z round 57 exit 0 budget $3.30 · eligible 21 · excluded 7 (AMZN:low-volume, GME:low-volume, NBIS:low-volume, ORCL:low-volume, QQQ:low-volume, RKLB:low-volume, SGOV:low-volume) | ROLLED: budget-floor
2026-09-24T09:17:36.986Z once: done, 0 failure(s)
2026-09-24T09:31:07.561Z LIVE worker started → /home/runner/work/switch-rounds/switch-rounds/data (once)
2026-09-24T09:31:08.935Z once: done, 0 failure(s)
2026-09-24T10:16:04.132Z LIVE worker started → /home/runner/work/switch-rounds/switch-rounds/data (once)
2026-09-24T10:16:51.804Z round 58 exit 0 budget $3.27 · eligible 17 · excluded 10 (AMZN:low-volume, BABA:low-volume, CRWV:low-volume, DELL:low-volume, MSFT:low-volume, NBIS:low-volume, ORCL:low-volume, QQQ:low-volume, RKLB:low-volume, SNDK:low-volume) | ROLLED: budget-floor
2026-09-24T10:16:53.152Z once: done, 0 failure(s)
2026-09-24T10:30:31.390Z LIVE worker started → /home/runner/work/switch-rounds/switch-rounds/data (once)
2026-09-24T10:30:32.840Z once: done, 0 failure(s)
2026-09-24T11:15:15.671Z LIVE worker started → /home/runner/work/switch-rounds/switch-rounds/data (once)
2026-09-24T11:15:49.223Z round 59 exit 0 budget $3.28 · eligible 15 · excluded 13 (AMD:low-volume, AMZN:low-volume, BABA:low-volume, COIN:low-volume, DELL:low-volume, GOOGL:low-volume, MSFT:low-volume, NBIS:low-volume, ORCL:low-volume, QQQ:low-volume, RKLB:low-volume, SGOV:low-volume, SNDK:low-volume) | ROLLED: budget-floor
2026-09-24T11:15:50.175Z once: done, 0 failure(s)
2026-09-24T11:29:54.559Z LIVE worker started → /home/runner/work/switch-rounds/switch-rounds/data (once)
2026-09-24T11:29:56.500Z once: done, 0 failure(s)
2026-09-24T12:20:09.059Z LIVE worker started → /home/runner/work/switch-rounds/switch-rounds/data (once)
2026-09-24T12:20:46.794Z round 60 exit 0 budget $3.28 · eligible 13 · excluded 14 (AMD:low-volume, AMZN:low-volume, BABA:low-volume, COIN:low-volume, DELL:low-volume, GME:low-volume, INTC:low-volume, MSFT:low-volume, MU:low-volume, NBIS:low-volume, ORCL:low-volume, QQQ:low-volume, SGOV:low-volume, TSM:low-volume) | ROLLED: budget-floor
2026-09-24T12:20:47.653Z once: done, 0 failure(s)
2026-09-24T12:36:13.723Z LIVE worker started → /home/runner/work/switch-rounds/switch-rounds/data (once)
2026-09-24T12:36:14.676Z once: done, 0 failure(s)
2026-09-24T13:17:35.620Z LIVE worker started → /home/runner/work/switch-rounds/switch-rounds/data (once)
2026-09-24T13:18:18.282Z round 61 exit 0 budget $3.28 · eligible 15 · excluded 12 (AMZN:low-volume, COIN:low-volume, CRWV:low-volume, GME:low-volume, GOOGL:low-volume, INTC:low-volume, MSFT:low-volume, NBIS:low-volume, QQQ:low-volume, SGOV:low-volume, SNDK:low-volume, TSM:low-volume) | ROLLED: budget-floor
2026-09-24T13:18:18.984Z once: done, 0 failure(s)
2026-09-24T13:31:59.123Z LIVE worker started → /home/runner/work/switch-rounds/switch-rounds/data (once)
2026-09-24T13:32:00.244Z once: done, 0 failure(s)
2026-09-24T14:16:49.540Z LIVE worker started → /home/runner/work/switch-rounds/switch-rounds/data (once)
2026-09-24T14:17:30.136Z round 62 exit 0 budget $49.99 · eligible 21 · excluded 6 (AMZN:low-volume, GME:thin-depth, MU:thin-depth, NBIS:thin-depth, RKLB:low-volume, TSM:low-volume) | ROLLED: slippage-bound
2026-09-24T14:17:31.039Z once: done, 0 failure(s)
2026-09-24T14:31:59.125Z LIVE worker started → /home/runner/work/switch-rounds/switch-rounds/data (once)
2026-09-24T14:32:00.481Z once: done, 0 failure(s)
2026-09-24T15:16:53.498Z LIVE worker started → /home/runner/work/switch-rounds/switch-rounds/data (once)
2026-09-24T15:17:58.112Z round 63 exit 0 budget $49.99 · eligible 17 · excluded 10 (AMD:low-volume, AMZN:low-volume, CRWV:low-volume, GME:thin-depth, INTC:low-volume, NBIS:thin-depth, NVDA:thin-depth, RKLB:low-volume, SNDK:low-volume, TSM:low-volume) | WINNER META: 0.0652 units at $766.34 → 151 holders · root 0x589222cac8d33c73… · acquire 0x0f454a77db9e8c53368b8771019849829bc846b3e8042b01444310c209aa4ca0
2026-09-24T15:17:59.579Z once: done, 0 failure(s)
2026-09-24T15:31:02.165Z LIVE worker started → /home/runner/work/switch-rounds/switch-rounds/data (once)
2026-09-24T15:31:03.559Z once: done, 0 failure(s)
2026-09-24T16:17:07.364Z LIVE worker started → /home/runner/work/switch-rounds/switch-rounds/data (once)
2026-09-24T16:18:00.152Z round 64 exit 0 budget $49.99 · eligible 15 · excluded 13 (AMD:low-volume, AMZN:low-volume, BABA:low-volume, CRWV:low-volume, GME:low-volume, MSFT:low-volume, MU:low-volume, NBIS:low-volume, ORCL:low-volume, QQQ:low-volume, RKLB:low-volume, SGOV:low-volume, TSM:low-volume) | WINNER MSTR: 0.3080 units at $162.30 → 151 holders · root 0xc8f140af431278c3… · acquire 0xcd22ad399f03fcffd9964d6f24594a53cf07f767807e484d32
2026-09-24T16:18:01.620Z once: done, 0 failure(s)
2026-09-24T16:31:34.485Z LIVE worker started → /home/runner/work/switch-rounds/switch-rounds/data (once)
2026-09-24T16:31:36.255Z once: done, 0 failure(s)
2026-09-24T17:14:52.931Z LIVE worker started → /home/runner/work/switch-rounds/switch-rounds/data (once)
2026-09-24T17:20:39.420Z round 65 exit 0 budget $49.99 · eligible 22 · excluded 4 (NBIS:low-volume, ORCL:low-volume, QQQ:low-volume, RKLB:low-volume) | ROLLED: slippage-bound
2026-09-24T17:20:40.605Z once: done, 0 failure(s)
2026-09-24T17:28:22.130Z LIVE worker started → /home/runner/work/switch-rounds/switch-rounds/data (once)
2026-09-24T17:28:23.425Z once: done, 0 failure(s)
2026-09-24T18:19:21.866Z LIVE worker started → /home/runner/work/switch-rounds/switch-rounds/data (once)
2026-09-24T18:20:00.767Z round 66 exit 0 budget $49.99 · eligible 17 · excluded 10 (AMD:low-volume, AMZN:low-volume, COIN:low-volume, GOOGL:low-volume, MSFT:low-volume, MU:thin-depth, NBIS:low-volume, ORCL:low-volume, RKLB:low-volume, TSM:low-volume) | WINNER GME: 1.9970 units at $25.03 → 148 holders · root 0xf7dfeb43271eb5ae… · acquire 0xb3b789b9ba4683645e70a52ea2522405394fbd38e84f0bb2dd0321c7884e877e
2026-09-24T18:20:02.128Z once: done, 0 failure(s)
2026-09-24T18:33:11.662Z LIVE worker started → /home/runner/work/switch-rounds/switch-rounds/data (once)
2026-09-24T18:33:24.173Z 18:33:13 push batch 11 leaves 1–40 of 254: sent 0xd697f7a6959d804f2e71776ad96befad5aff02d1ee6a13a9c366f34249b01a36 | 18:33:15 push batch 11 leaves 1–40 of 254: confirmed in block 71587289, gas 2710423 | 18:33:15 push batch 11 leaves 41–80 of 254: sent 0xb2dd9825f0f8077aa2288ac0d57d2729a2f77fe5e213d28f63a2a57705799768 | 18:33:16 push batch 11 leaves 41–80 of 254: confirmed in block 71587309, gas 26
2026-09-24T18:33:24.173Z once: done, 0 failure(s)
2026-09-24T19:14:36.965Z LIVE worker started → /home/runner/work/switch-rounds/switch-rounds/data (once)
2026-09-24T19:15:14.797Z round 67 exit 0 budget $49.99 · eligible 16 · excluded 12 (AMD:low-volume, AMZN:low-volume, BABA:low-volume, COIN:thin-depth, CRWV:low-volume, GOOGL:thin-depth, MU:low-volume, NBIS:low-volume, QQQ:low-volume, RKLB:low-volume, SGOV:low-volume, TSM:low-volume) | ROLLED: slippage-bound
2026-09-24T19:15:15.608Z once: done, 0 failure(s)
2026-09-24T19:27:55.461Z LIVE worker started → /home/runner/work/switch-rounds/switch-rounds/data (once)
2026-09-24T19:27:56.913Z once: done, 0 failure(s)
2026-09-24T20:17:15.166Z LIVE worker started → /home/runner/work/switch-rounds/switch-rounds/data (once)
2026-09-24T20:17:53.709Z round 68 exit 0 budget $49.99 · eligible 16 · excluded 11 (AMZN:low-volume, BABA:low-volume, COIN:low-volume, CRWV:low-volume, GME:low-volume, NBIS:low-volume, ORCL:low-volume, RKLB:low-volume, SGOV:low-volume, SNDK:low-volume, TSM:low-volume) | WINNER INTC: 0.3915 units at $127.70 → 144 holders · root 0x9be2dea27b592da2… · acquire 0x50fee99fa8b2122ae301708c1379f89c1a3adebdfa2c75e6bdcdd39af2341ad1
2026-09-24T20:17:54.597Z once: done, 0 failure(s)
2026-09-24T20:31:08.359Z LIVE worker started → /home/runner/work/switch-rounds/switch-rounds/data (once)
2026-09-24T20:31:09.650Z once: done, 0 failure(s)
2026-09-24T21:15:13.044Z LIVE worker started → /home/runner/work/switch-rounds/switch-rounds/data (once)
2026-09-24T21:15:53.254Z round 69 exit 0 budget $49.99 · eligible 10 · excluded 18 (AMD:low-volume, AMZN:low-volume, BABA:low-volume, COIN:low-volume, CRWV:low-volume, DELL:low-volume, GME:low-volume, GOOGL:low-volume, INTC:low-volume, MSFT:low-volume, MU:low-volume, NBIS:low-volume, ORCL:low-volume, QQQ:low-volume, RKLB:low-volume, SGOV:low-volume, SNDK:low-volume, TSM:low-volume) | WINNER SPCX: 0.3367 units at $148.48 → 143 holders · r
2026-09-24T21:15:53.936Z once: done, 0 failure(s)
2026-09-24T21:27:58.191Z LIVE worker started → /home/runner/work/switch-rounds/switch-rounds/data (once)
2026-09-24T21:27:58.989Z once: done, 0 failure(s)
2026-09-24T22:15:50.176Z LIVE worker started → /home/runner/work/switch-rounds/switch-rounds/data (once)
2026-09-24T22:21:18.202Z round 70 exit 0 budget $49.99 · eligible 9 · excluded 14 (AMD:low-volume, AMZN:low-volume, COIN:low-volume, CRWV:low-volume, DELL:low-volume, GME:low-volume, INTC:low-volume, NBIS:low-volume, ORCL:low-volume, RKLB:low-volume, SGOV:low-volume, SNDK:low-volume, TSLA:low-volume, TSM:low-volume) | WINNER SPCX: 0.3374 units at $148.17 → 143 holders · root 0x30c9aab0e1f06302… · acquire 0x5cc8a4418f2d15745ddb71cab03e4e2
2026-09-24T22:21:19.070Z once: done, 0 failure(s)
2026-09-24T22:28:56.337Z LIVE worker started → /home/runner/work/switch-rounds/switch-rounds/data (once)
2026-09-24T22:28:57.381Z once: done, 0 failure(s)
2026-09-24T23:14:22.785Z LIVE worker started → /home/runner/work/switch-rounds/switch-rounds/data (once)
2026-09-24T23:15:00.698Z round 71 exit 0 budget $49.99 · eligible 12 · excluded 14 (AMD:low-volume, BABA:low-volume, COIN:low-volume, DELL:low-volume, GME:low-volume, GOOGL:low-volume, INTC:low-volume, MSFT:low-volume, NBIS:low-volume, ORCL:low-volume, RKLB:low-volume, SGOV:low-volume, SNDK:low-volume, TSM:low-volume) | WINNER MU: 0.0463 units at $1,077 → 143 holders · root 0x617a02db886270a8… · acquire 0x9138bdb94c6d4d27e860def8850a3a9d
2026-09-24T23:15:01.581Z once: done, 0 failure(s)
2026-09-24T23:27:35.789Z LIVE worker started → /home/runner/work/switch-rounds/switch-rounds/data (once)
2026-09-24T23:27:36.845Z once: done, 0 failure(s)
2026-09-25T00:22:57.623Z LIVE worker started → /home/runner/work/switch-rounds/switch-rounds/data (once)
2026-09-25T00:23:54.971Z round 72 exit 0 budget $49.99 · eligible 10 · excluded 16 (AMD:low-volume, AMZN:low-volume, COIN:low-volume, CRWV:low-volume, DELL:low-volume, GME:low-volume, INTC:low-volume, MSFT:low-volume, MU:low-volume, NBIS:low-volume, NVDA:thin-depth, ORCL:low-volume, RKLB:low-volume, SGOV:low-volume, SNDK:low-volume, TSM:low-volume) | WINNER MSTR: 0.3073 units at $162.66 → 143 holders · root 0x72fb4188a235a7d7… · acquire 
2026-09-25T00:23:56.187Z once: done, 0 failure(s)
2026-09-25T00:37:29.590Z LIVE worker started → /home/runner/work/switch-rounds/switch-rounds/data (once)
2026-09-25T00:37:44.978Z 00:37:31 push batch 12 leaves 1–40 of 334: sent 0xd7576e36754ddafabc6a5b7b680ff7d975b91bf23f62cc45f9004500a99a0d21 | 00:37:32 push batch 12 leaves 1–40 of 334: confirmed in block 71804724, gas 2800976 | 00:37:32 push batch 12 leaves 41–80 of 334: sent 0x2b335551e2af181ea68316289b1b49bdda3fc2bda28b38ac4de968f5505842fb | 00:37:33 push batch 12 leaves 41–80 of 334: confirmed in block 71804735, gas 26
2026-09-25T00:37:44.978Z once: done, 0 failure(s)
2026-09-25T01:14:30.258Z LIVE worker started → /home/runner/work/switch-rounds/switch-rounds/data (once)
2026-09-25T01:15:09.889Z round 73 exit 0 budget $22.19 · eligible 10 · excluded 18 (AMD:low-volume, AMZN:low-volume, BABA:low-volume, COIN:low-volume, CRWV:low-volume, DELL:low-volume, GME:low-volume, GOOGL:low-volume, INTC:low-volume, MSFT:low-volume, MU:low-volume, NBIS:low-volume, ORCL:low-volume, QQQ:low-volume, RKLB:low-volume, SGOV:low-volume, SNDK:low-volume, TSM:low-volume) | ROLLED: budget-floor
2026-09-25T01:15:11.293Z once: done, 0 failure(s)
2026-09-25T01:27:34.054Z LIVE worker started → /home/runner/work/switch-rounds/switch-rounds/data (once)
2026-09-25T01:27:35.293Z once: done, 0 failure(s)
2026-09-25T02:14:41.614Z LIVE worker started → /home/runner/work/switch-rounds/switch-rounds/data (once)
2026-09-25T02:15:10.635Z round 74 exit 0 budget $22.19 · eligible 17 · excluded 11 (AMZN:low-volume, COIN:low-volume, CRWV:low-volume, GME:low-volume, MSFT:low-volume, NBIS:low-volume, ORCL:low-volume, QQQ:low-volume, RKLB:low-volume, SGOV:low-volume, TSM:low-volume) | ROLLED: budget-floor
2026-09-25T02:15:11.510Z once: done, 0 failure(s)
2026-09-25T02:28:56.485Z LIVE worker started → /home/runner/work/switch-rounds/switch-rounds/data (once)
2026-09-25T02:28:57.401Z once: done, 0 failure(s)
2026-09-25T03:15:05.022Z LIVE worker started → /home/runner/work/switch-rounds/switch-rounds/data (once)
2026-09-25T03:15:34.786Z round 75 exit 0 budget $22.07 · eligible 14 · excluded 11 (BABA:low-volume, COIN:low-volume, CRWV:low-volume, DELL:low-volume, GME:low-volume, INTC:low-volume, MU:low-volume, RKLB:low-volume, SGOV:low-volume, SNDK:low-volume, TSM:low-volume) | ROLLED: budget-floor
2026-09-25T03:15:35.661Z once: done, 0 failure(s)
2026-09-25T03:29:05.126Z LIVE worker started → /home/runner/work/switch-rounds/switch-rounds/data (once)
2026-09-25T03:29:06.492Z once: done, 0 failure(s)
2026-09-25T04:16:23.096Z LIVE worker started → /home/runner/work/switch-rounds/switch-rounds/data (once)
2026-09-25T04:17:03.121Z round 76 exit 0 budget $22.07 · eligible 13 · excluded 12 (AMD:low-volume, BABA:low-volume, COIN:low-volume, CRWV:low-volume, DELL:low-volume, GME:low-volume, GOOGL:low-volume, MU:low-volume, RKLB:low-volume, SGOV:low-volume, SNDK:low-volume, TSM:low-volume) | ROLLED: budget-floor
2026-09-25T04:17:04.122Z once: done, 0 failure(s)
2026-09-25T04:30:46.283Z LIVE worker started → /home/runner/work/switch-rounds/switch-rounds/data (once)
2026-09-25T04:30:47.326Z once: done, 0 failure(s)
2026-09-25T05:15:06.928Z LIVE worker started → /home/runner/work/switch-rounds/switch-rounds/data (once)
2026-09-25T05:15:38.408Z round 77 exit 0 budget $22.07 · eligible 10 · excluded 16 (AMZN:low-volume, BABA:low-volume, COIN:low-volume, CRWV:low-volume, DELL:low-volume, GME:low-volume, GOOGL:low-volume, INTC:low-volume, MSFT:low-volume, MU:low-volume, QQQ:low-volume, RKLB:low-volume, SGOV:low-volume, SNDK:low-volume, TSLA:low-volume, TSM:low-volume) | ROLLED: budget-floor
2026-09-25T05:15:39.264Z once: done, 0 failure(s)
2026-09-25T05:28:55.814Z LIVE worker started → /home/runner/work/switch-rounds/switch-rounds/data (once)
2026-09-25T05:28:56.929Z once: done, 0 failure(s)
2026-09-25T06:20:30.876Z LIVE worker started → /home/runner/work/switch-rounds/switch-rounds/data (once)
2026-09-25T06:20:56.090Z round 78 exit 0 budget $22.07 · eligible 14 · excluded 13 (AMZN:low-volume, COIN:low-volume, CRWV:low-volume, GME:low-volume, INTC:low-volume, MSFT:low-volume, NBIS:low-volume, QQQ:low-volume, RKLB:low-volume, SGOV:low-volume, SNDK:low-volume, TSLA:low-volume, TSM:low-volume) | ROLLED: budget-floor
2026-09-25T06:20:56.950Z once: done, 0 failure(s)
2026-09-25T06:36:40.208Z LIVE worker started → /home/runner/work/switch-rounds/switch-rounds/data (once)
2026-09-25T06:36:41.460Z once: done, 0 failure(s)
2026-09-25T07:16:54.783Z LIVE worker started → /home/runner/work/switch-rounds/switch-rounds/data (once)
2026-09-25T07:20:13.854Z round 79 exit 0 budget $22.07 · eligible 16 · excluded 10 (AMZN:low-volume, BABA:low-volume, COIN:low-volume, CRWV:low-volume, DELL:low-volume, GME:low-volume, MSFT:low-volume, NBIS:low-volume, ORCL:low-volume, SGOV:low-volume) | ROLLED: budget-floor
2026-09-25T07:20:14.776Z once: done, 0 failure(s)
2026-09-25T07:30:57.348Z LIVE worker started → /home/runner/work/switch-rounds/switch-rounds/data (once)
2026-09-25T07:30:58.190Z once: done, 0 failure(s)
2026-09-25T08:16:38.498Z LIVE worker started → /home/runner/work/switch-rounds/switch-rounds/data (once)
2026-09-25T08:17:08.215Z round 80 exit 0 budget $22.07 · eligible 12 · excluded 13 (AMZN:low-volume, BABA:low-volume, COIN:low-volume, GME:low-volume, GOOGL:low-volume, INTC:low-volume, MSFT:low-volume, MU:low-volume, ORCL:low-volume, QQQ:low-volume, SGOV:low-volume, SNDK:low-volume, TSM:low-volume) | ROLLED: budget-floor
2026-09-25T08:17:09.075Z once: done, 0 failure(s)
2026-09-25T08:31:54.530Z LIVE worker started → /home/runner/work/switch-rounds/switch-rounds/data (once)
2026-09-25T08:31:55.590Z once: done, 0 failure(s)
2026-09-25T09:16:33.831Z LIVE worker started → /home/runner/work/switch-rounds/switch-rounds/data (once)
2026-09-25T09:17:08.458Z round 81 exit 0 budget $22.19 · eligible 15 · excluded 12 (AMZN:low-volume, BABA:low-volume, COIN:low-volume, CRWV:low-volume, GME:low-volume, GOOGL:low-volume, MSFT:low-volume, NBIS:low-volume, QQQ:low-volume, RKLB:low-volume, SGOV:low-volume, TSLA:low-volume) | ROLLED: budget-floor
2026-09-25T09:17:09.396Z once: done, 0 failure(s)
2026-09-25T09:31:21.922Z LIVE worker started → /home/runner/work/switch-rounds/switch-rounds/data (once)
2026-09-25T09:31:23.250Z once: done, 0 failure(s)
2026-09-25T10:16:06.464Z LIVE worker started → /home/runner/work/switch-rounds/switch-rounds/data (once)
2026-09-25T10:16:49.447Z round 82 exit 0 budget $22.30 · eligible 13 · excluded 14 (AMZN:low-volume, BABA:low-volume, CRWV:low-volume, DELL:low-volume, GME:low-volume, INTC:low-volume, MSFT:low-volume, MU:low-volume, NBIS:low-volume, QQQ:low-volume, RKLB:low-volume, SGOV:low-volume, SNDK:low-volume, TSM:low-volume) | ROLLED: budget-floor
2026-09-25T10:16:50.532Z once: done, 0 failure(s)
2026-09-25T10:30:25.558Z LIVE worker started → /home/runner/work/switch-rounds/switch-rounds/data (once)
2026-09-25T10:30:26.670Z once: done, 0 failure(s)
2026-09-25T11:16:01.927Z LIVE worker started → /home/runner/work/switch-rounds/switch-rounds/data (once)
2026-09-25T11:16:38.366Z round 83 exit 0 budget $22.53 · eligible 11 · excluded 14 (AMZN:low-volume, BABA:low-volume, COIN:low-volume, CRWV:low-volume, DELL:low-volume, GME:low-volume, INTC:low-volume, MSFT:low-volume, MU:low-volume, QQQ:low-volume, SGOV:low-volume, SNDK:low-volume, TSLA:low-volume, TSM:low-volume) | ROLLED: budget-floor
2026-09-25T11:16:39.545Z once: done, 0 failure(s)
2026-09-25T11:29:30.971Z LIVE worker started → /home/runner/work/switch-rounds/switch-rounds/data (once)
2026-09-25T11:29:32.050Z once: done, 0 failure(s)
2026-09-25T12:20:14.773Z LIVE worker started → /home/runner/work/switch-rounds/switch-rounds/data (once)
2026-09-25T12:20:49.533Z round 84 exit 0 budget $22.17 · eligible 14 · excluded 11 (AMD:low-volume, AMZN:low-volume, BABA:low-volume, DELL:low-volume, INTC:low-volume, MSFT:low-volume, NBIS:low-volume, QQQ:low-volume, SGOV:low-volume, SNDK:low-volume, TSM:low-volume) | ROLLED: budget-floor
2026-09-25T12:20:50.731Z once: done, 0 failure(s)
2026-09-25T12:35:57.761Z LIVE worker started → /home/runner/work/switch-rounds/switch-rounds/data (once)
2026-09-25T12:35:59.118Z once: done, 0 failure(s)
2026-09-25T13:17:27.275Z LIVE worker started → /home/runner/work/switch-rounds/switch-rounds/data (once)
2026-09-25T13:18:06.464Z round 85 exit 0 budget $26.99 · eligible 14 · excluded 12 (AMD:low-volume, AMZN:low-volume, COIN:low-volume, CRWV:low-volume, GME:low-volume, GOOGL:thin-depth, INTC:low-volume, NBIS:low-volume, ORCL:low-volume, QQQ:low-volume, SNDK:low-volume, TSM:low-volume) | WINNER BABA: 0.2424 units at $111.36 → 147 holders · root 0x7df0973607e53c61… · acquire 0xc87f8e0aa381d8c0fe5655c0963d8f2db8e84b8c30d39cf8fc33d24f9c43ba80
2026-09-25T13:18:07.520Z once: done, 0 failure(s)
2026-09-25T13:31:33.038Z LIVE worker started → /home/runner/work/switch-rounds/switch-rounds/data (once)
2026-09-25T13:31:34.891Z once: done, 0 failure(s)
2026-09-25T14:16:50.262Z LIVE worker started → /home/runner/work/switch-rounds/switch-rounds/data (once)
2026-09-25T14:17:49.525Z round 86 exit 0 budget $26.99 · eligible 23 · excluded 4 (ORCL:low-volume, RKLB:low-volume, SGOV:low-volume, TSM:low-volume) | ROLLED: slippage-bound
2026-09-25T14:17:50.827Z once: done, 0 failure(s)
2026-09-25T14:31:45.647Z LIVE worker started → /home/runner/work/switch-rounds/switch-rounds/data (once)
2026-09-25T14:31:47.328Z once: done, 0 failure(s)
2026-09-25T15:17:28.656Z LIVE worker started → /home/runner/work/switch-rounds/switch-rounds/data (once)
2026-09-25T15:20:41.012Z round 87 exit 0 budget $26.99 · eligible 20 · excluded 7 (AMZN:low-volume, NBIS:low-volume, ORCL:low-volume, QQQ:low-volume, RKLB:low-volume, SGOV:low-volume, TSM:low-volume) | WINNER USO: 0.1783 units at $151.35 → 148 holders · root 0x0d0062e68d51ff9d… · acquire 0xf195faa095dca1be2dd4d547f7cec7704a95630908962341abac2fd203700525
2026-09-25T15:20:42.048Z once: done, 0 failure(s)
2026-09-25T15:30:46.940Z LIVE worker started → /home/runner/work/switch-rounds/switch-rounds/data (once)
2026-09-25T15:30:48.226Z once: done, 0 failure(s)
2026-09-25T16:17:07.800Z LIVE worker started → /home/runner/work/switch-rounds/switch-rounds/data (once)
2026-09-25T16:18:14.716Z round 88 exit 0 budget $26.99 · eligible 18 · excluded 8 (AMZN:low-volume, BABA:low-volume, CRWV:low-volume, NBIS:low-volume, ORCL:low-volume, SGOV:low-volume, SNDK:low-volume, TSM:low-volume) | WINNER AAPL: 0.0795 units at $339.47 → 150 holders · root 0xfc0412591622cf63… · acquire 0xfc84d8d1188d2d80ba2b25e5bc298862810ad1f73c6fdf8d1216710eee61db09
2026-09-25T16:18:15.763Z once: done, 0 failure(s)
2026-09-25T16:31:56.822Z LIVE worker started → /home/runner/work/switch-rounds/switch-rounds/data (once)
2026-09-25T16:31:58.324Z once: done, 0 failure(s)
2026-09-25T17:14:45.332Z LIVE worker started → /home/runner/work/switch-rounds/switch-rounds/data (once)
2026-09-25T17:15:46.504Z round 89 exit 0 budget $26.99 · eligible 17 · excluded 10 (AMZN:low-volume, COIN:thin-depth, CRWV:low-volume, GME:low-volume, INTC:low-volume, NBIS:low-volume, ORCL:low-volume, QQQ:low-volume, RKLB:low-volume, TSM:low-volume) | WINNER DELL: 0.0471 units at $572.71 → 150 holders · root 0x7264984405f3316d… · acquire 0xb5ba5b70cda7344cb1eb7e2d05cdfafc863edbe010b671bea1e15882dd3cd7c2
2026-09-25T17:15:47.416Z once: done, 0 failure(s)
2026-09-25T17:29:19.613Z LIVE worker started → /home/runner/work/switch-rounds/switch-rounds/data (once)
2026-09-25T17:29:20.890Z once: done, 0 failure(s)
2026-09-25T18:17:38.704Z LIVE worker started → /home/runner/work/switch-rounds/switch-rounds/data (once)
2026-09-25T18:18:19.831Z round 90 exit 0 budget $26.99 · eligible 13 · excluded 13 (AMD:low-volume, AMZN:low-volume, BABA:low-volume, COIN:low-volume, DELL:low-volume, GME:low-volume, INTC:low-volume, MSFT:low-volume, MU:low-volume, QQQ:low-volume, RKLB:low-volume, SNDK:low-volume, TSM:low-volume) | WINNER ORCL: 0.1940 units at $139.16 → 149 holders · root 0x06bdf771fc3aa647… · acquire 0xaf74d30bc311e1424c99cf060dda1868c8c18ad49ff91cc723
2026-09-25T18:18:20.944Z once: done, 0 failure(s)
2026-09-25T18:31:41.809Z LIVE worker started → /home/runner/work/switch-rounds/switch-rounds/data (once)
2026-09-25T18:32:11.161Z 18:31:45 push batch 15 leaves 1–40 of 363: sent 0x360bd7cd6df0aa50a774bcec78473ae83c710c2afc1808f7231ec61e4995ae7c | 18:31:49 push batch 15 leaves 1–40 of 363: confirmed in block 72443701, gas 2830213 | 18:31:49 push batch 15 leaves 41–80 of 363: sent 0x4c94ffc7c69ccb7869625b48d63e6fab5fd109c2e3a1ff29d908c27f55c56ad9 | 18:31:53 push batch 15 leaves 41–80 of 363: confirmed in block 72443740, gas 27
2026-09-25T18:32:11.161Z once: done, 0 failure(s)
2026-09-25T19:13:51.832Z LIVE worker started → /home/runner/work/switch-rounds/switch-rounds/data (once)
2026-09-25T19:14:55.150Z round 91 exit 0 budget $26.99 · eligible 11 · excluded 16 (AMZN:low-volume, BABA:low-volume, COIN:low-volume, CRWV:low-volume, DELL:low-volume, GME:low-volume, GOOGL:low-volume, MSFT:low-volume, MU:low-volume, NBIS:low-volume, NVDA:thin-depth, PLTR:low-volume, QQQ:low-volume, SGOV:low-volume, SNDK:low-volume, TSM:low-volume) | WINNER MSTR: 0.1694 units at $159.35 → 149 holders · root 0xf6faf8e8c21e9a71… · acquire
2026-09-25T19:14:56.182Z once: done, 0 failure(s)
2026-09-25T19:27:42.643Z LIVE worker started → /home/runner/work/switch-rounds/switch-rounds/data (once)
2026-09-25T19:27:43.807Z once: done, 0 failure(s)
2026-09-25T20:14:32.221Z LIVE worker started → /home/runner/work/switch-rounds/switch-rounds/data (once)
2026-09-25T20:15:10.568Z round 92 exit 0 budget $26.99 · eligible 14 · excluded 13 (AMD:low-volume, AMZN:low-volume, BABA:low-volume, COIN:low-volume, GME:low-volume, MU:low-volume, NBIS:low-volume, ORCL:low-volume, QQQ:low-volume, RKLB:low-volume, SGOV:low-volume, SNDK:low-volume, TSM:low-volume) | WINNER SPY: 0.0349 units at $771.92 → 149 holders · root 0x953c0e5c97c7d88e… · acquire 0x2388876cf6fc2c0c29954a42504574d35362efdc355a92022b7
2026-09-25T20:15:11.108Z once: done, 0 failure(s)
2026-09-25T20:28:57.502Z LIVE worker started → /home/runner/work/switch-rounds/switch-rounds/data (once)
2026-09-25T20:28:58.650Z once: done, 0 failure(s)
2026-09-25T21:15:44.311Z LIVE worker started → /home/runner/work/switch-rounds/switch-rounds/data (once)
2026-09-25T21:16:26.845Z round 93 exit 0 budget $5.55 · eligible 16 · excluded 9 (AMZN:low-volume, BABA:low-volume, COIN:low-volume, DELL:low-volume, GME:low-volume, MSFT:low-volume, ORCL:low-volume, QQQ:low-volume, TSM:low-volume) | ROLLED: budget-floor
2026-09-25T21:16:27.684Z once: done, 0 failure(s)
2026-09-25T21:28:55.662Z LIVE worker started → /home/runner/work/switch-rounds/switch-rounds/data (once)
2026-09-25T21:28:56.678Z once: done, 0 failure(s)
2026-09-25T22:14:52.672Z LIVE worker started → /home/runner/work/switch-rounds/switch-rounds/data (once)
2026-09-25T22:15:23.967Z round 94 exit 0 budget $5.55 · eligible 13 · excluded 12 (AMZN:low-volume, BABA:low-volume, COIN:low-volume, DELL:low-volume, GME:low-volume, GOOGL:low-volume, MSFT:low-volume, MU:low-volume, PLTR:low-volume, QQQ:low-volume, SNDK:low-volume, TSM:low-volume) | ROLLED: budget-floor
2026-09-25T22:15:24.632Z once: done, 0 failure(s)
2026-09-25T22:28:38.831Z LIVE worker started → /home/runner/work/switch-rounds/switch-rounds/data (once)
2026-09-25T22:28:39.894Z once: done, 0 failure(s)
2026-09-25T23:14:11.787Z LIVE worker started → /home/runner/work/switch-rounds/switch-rounds/data (once)
2026-09-25T23:14:43.360Z round 95 exit 0 budget $5.55 · eligible 12 · excluded 13 (AMD:low-volume, AMZN:low-volume, BABA:low-volume, COIN:low-volume, DELL:low-volume, GME:low-volume, GOOGL:low-volume, MU:low-volume, QQQ:low-volume, SGOV:low-volume, SNDK:low-volume, TSLA:low-volume, TSM:low-volume) | ROLLED: budget-floor
2026-09-25T23:14:44.313Z once: done, 0 failure(s)
2026-09-25T23:27:05.868Z LIVE worker started → /home/runner/work/switch-rounds/switch-rounds/data (once)
2026-09-25T23:27:06.923Z once: done, 0 failure(s)
2026-09-26T00:21:00.220Z LIVE worker started → /home/runner/work/switch-rounds/switch-rounds/data (once)
2026-09-26T00:21:29.786Z round 96 exit 0 budget $5.55 · eligible 11 · excluded 13 (AMD:low-volume, AMZN:low-volume, COIN:low-volume, DELL:low-volume, GME:low-volume, GOOGL:low-volume, INTC:low-volume, MU:low-volume, ORCL:low-volume, QQQ:low-volume, SGOV:low-volume, SNDK:low-volume, TSLA:low-volume) | ROLLED: budget-floor
2026-09-26T00:21:30.807Z once: done, 0 failure(s)
2026-09-26T00:35:58.634Z LIVE worker started → /home/runner/work/switch-rounds/switch-rounds/data (once)
2026-09-26T00:36:07.284Z 00:36:00 push batch 16 leaves 1–40 of 150: sent 0xd356a043a1725be71a51d4a14833a0f5be3e2e7b1ad43b9b0f4bd437bde7c6b4 | 00:36:02 push batch 16 leaves 1–40 of 150: confirmed in block 72660733, gas 2524413 | 00:36:02 push batch 16 leaves 41–80 of 150: sent 0x94f57050afb69f39ec59d3ab842fed17afe21de8a427a9a9f24c1f39360d5d7e | 00:36:04 push batch 16 leaves 41–80 of 150: confirmed in block 72660765, gas 25
2026-09-26T00:36:07.285Z once: done, 0 failure(s)
2026-09-26T01:13:17.293Z LIVE worker started → /home/runner/work/switch-rounds/switch-rounds/data (once)
2026-09-26T01:13:48.332Z round 97 exit 0 budget $5.55 · eligible 13 · excluded 10 (AMZN:low-volume, BABA:low-volume, COIN:low-volume, CRWV:low-volume, GME:low-volume, GOOGL:low-volume, INTC:low-volume, MSFT:low-volume, MU:low-volume, SGOV:low-volume) | ROLLED: budget-floor
2026-09-26T01:13:48.831Z once: done, 0 failure(s)
2026-09-26T01:27:58.492Z LIVE worker started → /home/runner/work/switch-rounds/switch-rounds/data (once)
2026-09-26T01:27:59.904Z once: done, 0 failure(s)
2026-09-26T02:14:48.456Z LIVE worker started → /home/runner/work/switch-rounds/switch-rounds/data (once)
2026-09-26T02:15:23.169Z round 98 exit 0 budget $5.55 · eligible 12 · excluded 12 (AMD:low-volume, AMZN:low-volume, BABA:low-volume, COIN:low-volume, CRWV:low-volume, DELL:low-volume, GME:low-volume, GOOGL:low-volume, MSFT:low-volume, MU:low-volume, SGOV:low-volume, SNDK:low-volume) | ROLLED: budget-floor
2026-09-26T02:15:24.040Z once: done, 0 failure(s)
2026-09-26T02:29:10.300Z LIVE worker started → /home/runner/work/switch-rounds/switch-rounds/data (once)
2026-09-26T02:29:12.146Z once: done, 0 failure(s)
2026-09-26T03:15:07.987Z LIVE worker started → /home/runner/work/switch-rounds/switch-rounds/data (once)
2026-09-26T03:15:51.517Z round 99 exit 0 budget $5.55 · eligible 9 · excluded 17 (AMD:low-volume, AMZN:low-volume, BABA:low-volume, COIN:low-volume, CRCL:low-volume, CRWV:low-volume, DELL:low-volume, GME:low-volume, INTC:low-volume, MSFT:low-volume, MU:low-volume, NBIS:low-volume, QQQ:low-volume, SGOV:low-volume, SNDK:low-volume, TSLA:low-volume, TSM:low-volume) | ROLLED: budget-floor
2026-09-26T03:15:52.445Z once: done, 0 failure(s)
2026-09-26T03:29:08.539Z LIVE worker started → /home/runner/work/switch-rounds/switch-rounds/data (once)
2026-09-26T03:29:09.704Z once: done, 0 failure(s)
2026-09-26T04:15:23.658Z LIVE worker started → /home/runner/work/switch-rounds/switch-rounds/data (once)
2026-09-26T04:16:05.016Z round 100 exit 0 budget $5.55 · eligible 10 · excluded 15 (AMD:low-volume, AMZN:low-volume, BABA:low-volume, COIN:low-volume, CRWV:low-volume, DELL:low-volume, GME:low-volume, GOOGL:low-volume, MSFT:low-volume, MU:low-volume, ORCL:low-volume, SGOV:low-volume, SNDK:low-volume, TSLA:low-volume, TSM:low-volume) | ROLLED: budget-floor
2026-09-26T04:16:05.855Z once: done, 0 failure(s)
2026-09-26T04:29:22.708Z LIVE worker started → /home/runner/work/switch-rounds/switch-rounds/data (once)
2026-09-26T04:29:23.907Z once: done, 0 failure(s)
2026-09-26T05:14:17.668Z LIVE worker started → /home/runner/work/switch-rounds/switch-rounds/data (once)
2026-09-26T05:14:56.374Z round 101 exit 0 budget $5.55 · eligible 9 · excluded 16 (AMD:low-volume, AMZN:low-volume, BABA:low-volume, COIN:low-volume, DELL:low-volume, GOOGL:low-volume, INTC:low-volume, MSFT:low-volume, MU:low-volume, NBIS:low-volume, ORCL:low-volume, PLTR:low-volume, SGOV:low-volume, SNDK:low-volume, TSLA:low-volume, TSM:low-volume) | ROLLED: budget-floor
2026-09-26T05:14:57.107Z once: done, 0 failure(s)
2026-09-26T05:28:21.397Z LIVE worker started → /home/runner/work/switch-rounds/switch-rounds/data (once)
2026-09-26T05:28:22.630Z once: done, 0 failure(s)
2026-09-26T06:19:32.323Z LIVE worker started → /home/runner/work/switch-rounds/switch-rounds/data (once)
2026-09-26T06:20:00.092Z round 102 exit 0 budget $5.55 · eligible 8 · excluded 18 (AMD:low-volume, AMZN:low-volume, BABA:low-volume, COIN:low-volume, CRCL:low-volume, CRWV:low-volume, DELL:low-volume, GME:low-volume, GOOGL:low-volume, MSFT:low-volume, MU:low-volume, NBIS:low-volume, ORCL:low-volume, QQQ:low-volume, SGOV:low-volume, SNDK:low-volume, TSLA:low-volume, USO:low-volume) | ROLLED: budget-floor
2026-09-26T06:20:00.958Z once: done, 0 failure(s)
2026-09-26T06:34:35.965Z LIVE worker started → /home/runner/work/switch-rounds/switch-rounds/data (once)
2026-09-26T06:34:37.200Z once: done, 0 failure(s)
2026-09-26T07:14:48.299Z LIVE worker started → /home/runner/work/switch-rounds/switch-rounds/data (once)
2026-09-26T07:15:18.428Z round 103 exit 0 budget $5.55 · eligible 12 · excluded 11 (AMZN:low-volume, BABA:low-volume, COIN:low-volume, GME:low-volume, GOOGL:low-volume, INTC:low-volume, MSFT:low-volume, MU:low-volume, QQQ:low-volume, SGOV:low-volume, SNDK:low-volume) | ROLLED: budget-floor
2026-09-26T07:15:19.300Z once: done, 0 failure(s)
2026-09-26T07:28:20.222Z LIVE worker started → /home/runner/work/switch-rounds/switch-rounds/data (once)
2026-09-26T07:28:21.424Z once: done, 0 failure(s)
2026-09-26T08:16:45.333Z LIVE worker started → /home/runner/work/switch-rounds/switch-rounds/data (once)
2026-09-26T08:17:15.354Z round 104 exit 0 budget $5.55 · eligible 11 · excluded 15 (AMD:low-volume, AMZN:low-volume, BABA:low-volume, COIN:low-volume, CRWV:low-volume, DELL:low-volume, GME:low-volume, GOOGL:low-volume, MU:low-volume, ORCL:low-volume, PLTR:low-volume, QQQ:low-volume, SGOV:low-volume, SNDK:low-volume, TSM:low-volume) | ROLLED: budget-floor
2026-09-26T08:17:15.924Z once: done, 0 failure(s)
2026-09-26T08:30:12.770Z LIVE worker started → /home/runner/work/switch-rounds/switch-rounds/data (once)
2026-09-26T08:30:13.870Z once: done, 0 failure(s)
2026-09-26T09:15:04.976Z LIVE worker started → /home/runner/work/switch-rounds/switch-rounds/data (once)
2026-09-26T09:15:35.658Z round 105 exit 0 budget $5.55 · eligible 9 · excluded 17 (AMD:low-volume, AMZN:low-volume, BABA:low-volume, COIN:low-volume, CRWV:low-volume, DELL:low-volume, GME:low-volume, GOOGL:low-volume, INTC:low-volume, MSFT:low-volume, MU:low-volume, NBIS:low-volume, ORCL:low-volume, QQQ:low-volume, SGOV:low-volume, SNDK:low-volume, USO:low-volume) | ROLLED: budget-floor
2026-09-26T09:15:36.571Z once: done, 0 failure(s)
2026-09-26T09:28:19.029Z LIVE worker started → /home/runner/work/switch-rounds/switch-rounds/data (once)
2026-09-26T09:28:20.199Z once: done, 0 failure(s)
2026-09-26T10:14:56.370Z LIVE worker started → /home/runner/work/switch-rounds/switch-rounds/data (once)
2026-09-26T10:15:38.159Z round 106 exit 0 budget $5.55 · eligible 10 · excluded 16 (AMD:low-volume, AMZN:low-volume, BABA:low-volume, COIN:low-volume, CRWV:low-volume, GME:low-volume, GOOGL:low-volume, INTC:low-volume, MSFT:low-volume, MU:low-volume, NBIS:low-volume, ORCL:low-volume, PLTR:low-volume, QQQ:low-volume, SGOV:low-volume, SNDK:low-volume) | ROLLED: budget-floor
2026-09-26T10:15:39.098Z once: done, 0 failure(s)
2026-09-26T10:28:11.867Z LIVE worker started → /home/runner/work/switch-rounds/switch-rounds/data (once)
2026-09-26T10:28:13.154Z once: done, 0 failure(s)
2026-09-26T11:14:17.018Z LIVE worker started → /home/runner/work/switch-rounds/switch-rounds/data (once)
2026-09-26T11:14:47.058Z round 107 exit 0 budget $5.55 · eligible 13 · excluded 13 (AMD:low-volume, AMZN:low-volume, BABA:low-volume, COIN:low-volume, CRWV:low-volume, GME:low-volume, GOOGL:low-volume, MSFT:low-volume, MU:low-volume, NBIS:low-volume, ORCL:low-volume, QQQ:low-volume, SGOV:low-volume) | ROLLED: budget-floor
2026-09-26T11:14:47.928Z once: done, 0 failure(s)
2026-09-26T11:27:42.823Z LIVE worker started → /home/runner/work/switch-rounds/switch-rounds/data (once)
2026-09-26T11:27:44.080Z once: done, 0 failure(s)
2026-09-26T12:18:28.677Z LIVE worker started → /home/runner/work/switch-rounds/switch-rounds/data (once)
2026-09-26T12:19:00.433Z round 108 exit 0 budget $5.55 · eligible 10 · excluded 14 (AMD:low-volume, AMZN:low-volume, BABA:low-volume, DELL:low-volume, GME:low-volume, GOOGL:low-volume, MSFT:low-volume, MU:low-volume, NBIS:low-volume, ORCL:low-volume, RKLB:low-volume, SGOV:low-volume, SNDK:low-volume, SPCX:low-volume) | ROLLED: budget-floor
2026-09-26T12:19:01.121Z once: done, 0 failure(s)
2026-09-26T12:33:28.935Z LIVE worker started → /home/runner/work/switch-rounds/switch-rounds/data (once)
2026-09-26T12:33:29.885Z once: done, 0 failure(s)
2026-09-26T13:14:15.837Z LIVE worker started → /home/runner/work/switch-rounds/switch-rounds/data (once)
2026-09-26T13:14:44.116Z round 109 exit 0 budget $5.55 · eligible 9 · excluded 16 (AMZN:low-volume, BABA:low-volume, COIN:low-volume, DELL:low-volume, GME:low-volume, GOOGL:low-volume, INTC:low-volume, MSFT:low-volume, MU:low-volume, NBIS:low-volume, ORCL:low-volume, PLTR:low-volume, QQQ:low-volume, SGOV:low-volume, SNDK:low-volume, TSLA:low-volume) | ROLLED: budget-floor
2026-09-26T13:14:44.986Z once: done, 0 failure(s)
2026-09-26T13:27:38.412Z LIVE worker started → /home/runner/work/switch-rounds/switch-rounds/data (once)
2026-09-26T13:27:39.520Z once: done, 0 failure(s)
2026-09-26T14:15:03.158Z LIVE worker started → /home/runner/work/switch-rounds/switch-rounds/data (once)
2026-09-26T14:15:40.653Z round 110 exit 0 budget $5.55 · eligible 9 · excluded 16 (AMD:low-volume, AMZN:low-volume, BABA:low-volume, COIN:low-volume, CRWV:low-volume, DELL:low-volume, GME:low-volume, GOOGL:low-volume, MSFT:low-volume, MSTR:low-volume, MU:low-volume, NVDA:thin-depth, ORCL:low-volume, QQQ:low-volume, SNDK:low-volume, TSLA:low-volume) | ROLLED: budget-floor
2026-09-26T14:15:41.590Z once: done, 0 failure(s)
2026-09-26T14:28:59.237Z LIVE worker started → /home/runner/work/switch-rounds/switch-rounds/data (once)
2026-09-26T14:29:00.431Z once: done, 0 failure(s)
2026-09-26T15:14:55.800Z LIVE worker started → /home/runner/work/switch-rounds/switch-rounds/data (once)
2026-09-26T15:15:25.562Z round 111 exit 0 budget $5.55 · eligible 9 · excluded 18 (AMD:low-volume, AMZN:low-volume, BABA:low-volume, COIN:low-volume, CRWV:low-volume, DELL:low-volume, GOOGL:low-volume, INTC:low-volume, MSFT:low-volume, MU:low-volume, NBIS:low-volume, ORCL:low-volume, QQQ:low-volume, SGOV:low-volume, SNDK:low-volume, TSLA:low-volume, TSM:low-volume, USO:low-volume) | ROLLED: budget-floor
2026-09-26T15:15:26.462Z once: done, 0 failure(s)
2026-09-26T15:29:32.428Z LIVE worker started → /home/runner/work/switch-rounds/switch-rounds/data (once)
2026-09-26T15:29:33.579Z once: done, 0 failure(s)
2026-09-26T16:16:25.852Z LIVE worker started → /home/runner/work/switch-rounds/switch-rounds/data (once)
2026-09-26T16:17:17.388Z round 112 exit 0 budget $5.56 · eligible 12 · excluded 14 (AMD:low-volume, AMZN:low-volume, BABA:low-volume, COIN:low-volume, DELL:low-volume, GOOGL:low-volume, INTC:low-volume, MU:low-volume, NBIS:low-volume, QQQ:low-volume, RKLB:low-volume, SGOV:low-volume, SNDK:low-volume, TSM:low-volume) | ROLLED: budget-floor
2026-09-26T16:17:18.429Z once: done, 0 failure(s)
2026-09-26T16:29:45.419Z LIVE worker started → /home/runner/work/switch-rounds/switch-rounds/data (once)
2026-09-26T16:29:46.605Z once: done, 0 failure(s)
2026-09-26T17:14:03.134Z LIVE worker started → /home/runner/work/switch-rounds/switch-rounds/data (once)
2026-09-26T17:14:32.003Z round 113 exit 0 budget $5.56 · eligible 10 · excluded 16 (AMD:stale-oracle, AMZN:stale-oracle, BABA:low-volume, COIN:low-volume, CRCL:low-volume, GOOGL:stale-oracle, INTC:low-volume, MSFT:low-volume, MU:low-volume, ORCL:low-volume, PLTR:low-volume, QQQ:stale-oracle, RKLB:low-volume, SGOV:low-volume, SPY:stale-oracle, TSM:stale-oracle) | ROLLED: budget-floor
2026-09-26T17:14:32.928Z once: done, 0 failure(s)
2026-09-26T17:28:28.210Z LIVE worker started → /home/runner/work/switch-rounds/switch-rounds/data (once)
2026-09-26T17:28:29.566Z once: done, 0 failure(s)
2026-09-26T18:17:29.209Z LIVE worker started → /home/runner/work/switch-rounds/switch-rounds/data (once)
2026-09-26T18:18:09.759Z round 114 exit 0 budget $5.56 · eligible 11 · excluded 15 (AMD:stale-oracle, AMZN:stale-oracle, BABA:low-volume, COIN:low-volume, GOOGL:stale-oracle, MSFT:stale-oracle, MU:stale-oracle, NBIS:low-volume, ORCL:low-volume, PLTR:low-volume, RKLB:low-volume, SGOV:low-volume, SNDK:stale-oracle, SPY:stale-oracle, TSM:stale-oracle) | ROLLED: budget-floor
2026-09-26T18:18:10.701Z once: done, 0 failure(s)
2026-09-26T18:32:14.462Z LIVE worker started → /home/runner/work/switch-rounds/switch-rounds/data (once)
2026-09-26T18:32:15.322Z once: done, 0 failure(s)
2026-09-26T19:13:33.267Z LIVE worker started → /home/runner/work/switch-rounds/switch-rounds/data (once)
2026-09-26T19:14:11.321Z round 115 exit 0 budget $5.56 · eligible 8 · excluded 16 (AMD:stale-oracle, AMZN:stale-oracle, BABA:low-volume, COIN:low-volume, DELL:low-volume, GOOGL:stale-oracle, MSFT:stale-oracle, MU:stale-oracle, NBIS:low-volume, ORCL:low-volume, PLTR:low-volume, SGOV:low-volume, SNDK:stale-oracle, SPY:stale-oracle, TSLA:low-volume, USO:low-volume) | ROLLED: budget-floor
2026-09-26T19:14:12.253Z once: done, 0 failure(s)
2026-09-26T19:26:49.192Z LIVE worker started → /home/runner/work/switch-rounds/switch-rounds/data (once)
2026-09-26T19:26:50.221Z once: done, 0 failure(s)
2026-09-26T20:14:12.489Z LIVE worker started → /home/runner/work/switch-rounds/switch-rounds/data (once)
2026-09-26T20:14:53.420Z round 116 exit 0 budget $5.56 · eligible 3 · excluded 20 (AAPL:stale-oracle, AMD:stale-oracle, AMZN:stale-oracle, BABA:stale-oracle, COIN:stale-oracle, DELL:stale-oracle, GOOGL:stale-oracle, INTC:stale-oracle, MSFT:stale-oracle, MSTR:stale-oracle, MU:stale-oracle, NVDA:stale-oracle, PLTR:stale-oracle, QQQ:stale-oracle, SGOV:low-volume, SNDK:stale-oracle, SPCX:stale-oracle, SPY:stale-oracle, TSLA:stale-oracle, USO:
2026-09-26T20:14:54.025Z once: done, 0 failure(s)
2026-09-26T20:28:22.108Z LIVE worker started → /home/runner/work/switch-rounds/switch-rounds/data (once)
2026-09-26T20:28:23.062Z once: done, 0 failure(s)
2026-09-26T21:14:42.747Z LIVE worker started → /home/runner/work/switch-rounds/switch-rounds/data (once)
2026-09-26T21:15:21.229Z round 117 exit 0 budget $5.53 · eligible 2 · excluded 21 (AAPL:stale-oracle, AMD:stale-oracle, AMZN:stale-oracle, BABA:stale-oracle, COIN:stale-oracle, DELL:stale-oracle, GME:stale-oracle, GOOGL:stale-oracle, INTC:stale-oracle, MSFT:stale-oracle, MSTR:stale-oracle, MU:stale-oracle, NVDA:stale-oracle, PLTR:stale-oracle, QQQ:stale-oracle, SGOV:low-volume, SNDK:stale-oracle, SPCX:stale-oracle, SPY:stale-oracle, TSLA:
2026-09-26T21:15:22.237Z once: done, 0 failure(s)
2026-09-26T21:28:41.525Z LIVE worker started → /home/runner/work/switch-rounds/switch-rounds/data (once)
2026-09-26T21:28:42.806Z once: done, 0 failure(s)
2026-09-26T22:14:44.419Z LIVE worker started → /home/runner/work/switch-rounds/switch-rounds/data (once)
2026-09-26T22:15:16.853Z round 118 exit 0 budget $5.56 · eligible 2 · excluded 23 (AAPL:stale-oracle, AMD:stale-oracle, AMZN:stale-oracle, BABA:stale-oracle, COIN:stale-oracle, CRWV:stale-oracle, DELL:stale-oracle, GME:stale-oracle, GOOGL:stale-oracle, INTC:stale-oracle, MSFT:stale-oracle, MSTR:stale-oracle, MU:stale-oracle, NVDA:stale-oracle, PLTR:stale-oracle, QQQ:stale-oracle, SGOV:low-volume, SNDK:stale-oracle, SPCX:stale-oracle, SPY:
2026-09-26T22:15:17.825Z once: done, 0 failure(s)
2026-09-26T22:28:12.215Z LIVE worker started → /home/runner/work/switch-rounds/switch-rounds/data (once)
2026-09-26T22:28:13.493Z once: done, 0 failure(s)
2026-09-26T23:14:24.436Z LIVE worker started → /home/runner/work/switch-rounds/switch-rounds/data (once)
2026-09-26T23:14:54.079Z round 119 exit 0 budget $5.56 · eligible 2 · excluded 23 (AAPL:stale-oracle, AMD:stale-oracle, AMZN:stale-oracle, BABA:stale-oracle, COIN:stale-oracle, CRWV:stale-oracle, DELL:stale-oracle, GME:stale-oracle, GOOGL:stale-oracle, INTC:stale-oracle, MSFT:stale-oracle, MSTR:stale-oracle, MU:stale-oracle, NVDA:stale-oracle, PLTR:stale-oracle, RKLB:stale-oracle, SGOV:low-volume, SNDK:stale-oracle, SPCX:stale-oracle, SPY
2026-09-26T23:14:55.007Z once: done, 0 failure(s)
2026-09-26T23:27:46.442Z LIVE worker started → /home/runner/work/switch-rounds/switch-rounds/data (once)
2026-09-26T23:27:47.886Z once: done, 0 failure(s)
2026-09-27T00:23:07.073Z LIVE worker started → /home/runner/work/switch-rounds/switch-rounds/data (once)
2026-09-27T00:23:46.382Z round 120 exit 0 budget $5.56 · eligible 0 · excluded 24 (AAPL:stale-oracle, AMD:stale-oracle, AMZN:stale-oracle, BABA:stale-oracle, COIN:stale-oracle, CRCL:stale-oracle, CRWV:stale-oracle, DELL:stale-oracle, GME:stale-oracle, GOOGL:stale-oracle, INTC:stale-oracle, META:stale-oracle, MSFT:stale-oracle, MSTR:stale-oracle, MU:stale-oracle, NVDA:stale-oracle, PLTR:stale-oracle, SGOV:low-volume, SNDK:stale-oracle, SPC
2026-09-27T00:23:47.304Z once: done, 0 failure(s)
2026-09-27T00:38:12.098Z LIVE worker started → /home/runner/work/switch-rounds/switch-rounds/data (once)
2026-09-27T00:38:13.325Z once: done, 0 failure(s)
2026-09-27T01:14:29.946Z LIVE worker started → /home/runner/work/switch-rounds/switch-rounds/data (once)
2026-09-27T01:15:10.713Z round 121 exit 0 budget $5.56 · eligible 0 · excluded 23 (AAPL:stale-oracle, AMD:stale-oracle, AMZN:stale-oracle, BABA:stale-oracle, COIN:stale-oracle, CRCL:stale-oracle, DELL:stale-oracle, GME:stale-oracle, GOOGL:stale-oracle, INTC:stale-oracle, META:stale-oracle, MSFT:stale-oracle, MSTR:stale-oracle, MU:stale-oracle, NVDA:stale-oracle, PLTR:stale-oracle, RKLB:stale-oracle, SGOV:stale-oracle, SNDK:stale-oracle, S
2026-09-27T01:15:11.318Z once: done, 0 failure(s)
2026-09-27T01:29:06.784Z LIVE worker started → /home/runner/work/switch-rounds/switch-rounds/data (once)
2026-09-27T01:29:07.963Z once: done, 0 failure(s)
2026-09-27T02:15:13.796Z LIVE worker started → /home/runner/work/switch-rounds/switch-rounds/data (once)
2026-09-27T02:15:46.506Z round 122 exit 0 budget $5.58 · eligible 0 · excluded 25 (AAPL:stale-oracle, AMD:stale-oracle, AMZN:stale-oracle, BABA:stale-oracle, COIN:stale-oracle, CRCL:stale-oracle, CRWV:stale-oracle, DELL:stale-oracle, GME:stale-oracle, GOOGL:stale-oracle, INTC:stale-oracle, META:stale-oracle, MSFT:stale-oracle, MSTR:stale-oracle, MU:stale-oracle, NVDA:stale-oracle, PLTR:stale-oracle, RKLB:stale-oracle, SGOV:stale-oracle, S
2026-09-27T02:15:47.159Z once: done, 0 failure(s)
2026-09-27T02:30:15.052Z LIVE worker started → /home/runner/work/switch-rounds/switch-rounds/data (once)
2026-09-27T02:30:16.245Z once: done, 0 failure(s)
2026-09-27T03:15:47.830Z LIVE worker started → /home/runner/work/switch-rounds/switch-rounds/data (once)
2026-09-27T03:16:23.302Z round 123 exit 0 budget $5.58 · eligible 0 · excluded 25 (AAPL:stale-oracle, AMD:stale-oracle, AMZN:stale-oracle, BABA:stale-oracle, COIN:stale-oracle, CRCL:stale-oracle, DELL:stale-oracle, GME:stale-oracle, GOOGL:stale-oracle, INTC:stale-oracle, META:stale-oracle, MSFT:stale-oracle, MSTR:stale-oracle, MU:stale-oracle, NBIS:stale-oracle, NVDA:stale-oracle, ORCL:stale-oracle, PLTR:stale-oracle, SGOV:stale-oracle, S
2026-09-27T03:16:24.180Z once: done, 0 failure(s)
2026-09-27T03:30:16.498Z LIVE worker started → /home/runner/work/switch-rounds/switch-rounds/data (once)
2026-09-27T03:30:17.819Z once: done, 0 failure(s)
2026-09-27T04:15:22.149Z LIVE worker started → /home/runner/work/switch-rounds/switch-rounds/data (once)
2026-09-27T04:15:55.404Z round 124 exit 0 budget $5.58 · eligible 0 · excluded 22 (AAPL:stale-oracle, AMD:stale-oracle, AMZN:stale-oracle, BABA:stale-oracle, COIN:stale-oracle, CRCL:stale-oracle, DELL:stale-oracle, GME:stale-oracle, GOOGL:stale-oracle, INTC:stale-oracle, META:stale-oracle, MSFT:stale-oracle, MSTR:stale-oracle, MU:stale-oracle, NVDA:stale-oracle, PLTR:stale-oracle, SGOV:stale-oracle, SNDK:stale-oracle, SPCX:stale-oracle, S
2026-09-27T04:15:56.092Z once: done, 0 failure(s)
2026-09-27T04:30:04.493Z LIVE worker started → /home/runner/work/switch-rounds/switch-rounds/data (once)
2026-09-27T04:30:05.646Z once: done, 0 failure(s)
2026-09-27T05:14:46.794Z LIVE worker started → /home/runner/work/switch-rounds/switch-rounds/data (once)
2026-09-27T05:15:14.453Z round 125 exit 0 budget $5.58 · eligible 0 · excluded 24 (AAPL:stale-oracle, AMD:stale-oracle, AMZN:stale-oracle, BABA:stale-oracle, COIN:stale-oracle, CRCL:stale-oracle, DELL:stale-oracle, GME:stale-oracle, GOOGL:stale-oracle, INTC:stale-oracle, META:stale-oracle, MSFT:stale-oracle, MSTR:stale-oracle, MU:stale-oracle, NVDA:stale-oracle, ORCL:stale-oracle, PLTR:stale-oracle, RKLB:stale-oracle, SGOV:stale-oracle, S
2026-09-27T05:15:15.353Z once: done, 0 failure(s)
2026-09-27T05:28:28.118Z LIVE worker started → /home/runner/work/switch-rounds/switch-rounds/data (once)
2026-09-27T05:28:29.300Z once: done, 0 failure(s)
2026-09-27T06:20:01.604Z LIVE worker started → /home/runner/work/switch-rounds/switch-rounds/data (once)
2026-09-27T06:20:35.447Z round 126 exit 0 budget $5.58 · eligible 0 · excluded 26 (AAPL:stale-oracle, AMD:stale-oracle, AMZN:stale-oracle, BABA:stale-oracle, COIN:stale-oracle, CRCL:stale-oracle, CRWV:stale-oracle, DELL:stale-oracle, GME:stale-oracle, GOOGL:stale-oracle, INTC:stale-oracle, META:stale-oracle, MSFT:stale-oracle, MSTR:stale-oracle, MU:stale-oracle, NBIS:stale-oracle, NVDA:stale-oracle, ORCL:stale-oracle, PLTR:stale-oracle, R
2026-09-27T06:20:36.344Z once: done, 0 failure(s)
2026-09-27T06:35:25.255Z LIVE worker started → /home/runner/work/switch-rounds/switch-rounds/data (once)
2026-09-27T06:35:26.409Z once: done, 0 failure(s)
2026-09-27T07:15:25.815Z LIVE worker started → /home/runner/work/switch-rounds/switch-rounds/data (once)
2026-09-27T07:16:21.693Z round 127 exit 1 /home/runner/work/switch-rounds/switch-rounds/dapp/node_modules/viem/utils/errors/getContractError.ts:82 |   return new ContractFunctionExecutionError(cause as BaseError, { | ContractFunctionExecutionError: RPC Request failed. |   function:  budget() |     at getContractError (/home/runner/work/switch-rounds/switch-rounds/dapp/node_modules/viem/utils/errors/getContractError.ts:82:10) |     at asyn
2026-09-27T07:17:34.747Z round 127 exit 1 /home/runner/work/switch-rounds/switch-rounds/dapp/node_modules/viem/utils/errors/getContractError.ts:82 |   return new ContractFunctionExecutionError(cause as BaseError, { | ContractFunctionExecutionError: RPC Request failed. |     at getContractError (/home/runner/work/switch-rounds/switch-rounds/dapp/node_modules/viem/utils/errors/getContractError.ts:82:10) |   cause: CallExecutionError: RPC Re
2026-09-27T07:19:47.785Z round 127 exit 1 /home/runner/work/switch-rounds/switch-rounds/dapp/node_modules/viem/utils/errors/getContractError.ts:82 |   return new ContractFunctionExecutionError(cause as BaseError, { | ContractFunctionExecutionError: RPC Request failed. |     at getContractError (/home/runner/work/switch-rounds/switch-rounds/dapp/node_modules/viem/utils/errors/getContractError.ts:82:10) |   cause: CallExecutionError: RPC Re
2026-09-27T07:22:47.871Z round 127 failed 3 times
2026-09-27T07:22:48.641Z once: done, 1 failure(s)
2026-09-27T07:29:13.994Z LIVE worker started → /home/runner/work/switch-rounds/switch-rounds/data (once)
2026-09-27T07:29:55.362Z round 127 exit 0 budget $5.58 · eligible 0 · excluded 24 (AAPL:stale-oracle, AMD:stale-oracle, AMZN:stale-oracle, BABA:stale-oracle, COIN:stale-oracle, CRCL:stale-oracle, DELL:stale-oracle, GME:stale-oracle, GOOGL:stale-oracle, INTC:stale-oracle, META:stale-oracle, MSFT:stale-oracle, MSTR:stale-oracle, MU:stale-oracle, NBIS:stale-oracle, NVDA:stale-oracle, ORCL:stale-oracle, PLTR:stale-oracle, SGOV:stale-oracle, S
2026-09-27T07:29:56.207Z once: done, 0 failure(s)
2026-09-27T08:16:29.705Z LIVE worker started → /home/runner/work/switch-rounds/switch-rounds/data (once)
2026-09-27T08:17:00.384Z round 128 exit 0 budget $5.61 · eligible 0 · excluded 25 (AAPL:stale-oracle, AMD:stale-oracle, AMZN:stale-oracle, BABA:stale-oracle, COIN:stale-oracle, CRCL:stale-oracle, CRWV:stale-oracle, DELL:stale-oracle, GME:stale-oracle, GOOGL:stale-oracle, INTC:stale-oracle, META:stale-oracle, MSFT:stale-oracle, MSTR:stale-oracle, MU:stale-oracle, NBIS:stale-oracle, NVDA:stale-oracle, ORCL:stale-oracle, PLTR:stale-oracle, S
2026-09-27T08:17:01.640Z once: done, 0 failure(s)
2026-09-27T08:30:03.013Z LIVE worker started → /home/runner/work/switch-rounds/switch-rounds/data (once)
2026-09-27T08:30:04.416Z once: done, 0 failure(s)
2026-09-27T09:15:15.083Z LIVE worker started → /home/runner/work/switch-rounds/switch-rounds/data (once)
2026-09-27T09:15:47.679Z round 129 exit 0 budget $5.61 · eligible 0 · excluded 25 (AAPL:stale-oracle, AMD:stale-oracle, AMZN:stale-oracle, BABA:stale-oracle, COIN:stale-oracle, CRCL:stale-oracle, CRWV:stale-oracle, DELL:stale-oracle, GME:stale-oracle, GOOGL:stale-oracle, INTC:stale-oracle, META:stale-oracle, MSFT:stale-oracle, MSTR:stale-oracle, MU:stale-oracle, NBIS:stale-oracle, NVDA:stale-oracle, ORCL:stale-oracle, PLTR:stale-oracle, S
2026-09-27T09:15:48.596Z once: done, 0 failure(s)
2026-09-27T09:29:19.629Z LIVE worker started → /home/runner/work/switch-rounds/switch-rounds/data (once)
2026-09-27T09:29:20.903Z once: done, 0 failure(s)
2026-09-27T10:14:55.068Z LIVE worker started → /home/runner/work/switch-rounds/switch-rounds/data (once)
2026-09-27T10:15:37.757Z round 130 exit 0 budget $5.61 · eligible 0 · excluded 23 (AAPL:stale-oracle, AMD:stale-oracle, AMZN:stale-oracle, BABA:stale-oracle, COIN:stale-oracle, CRCL:stale-oracle, DELL:stale-oracle, GME:stale-oracle, GOOGL:stale-oracle, INTC:stale-oracle, META:stale-oracle, MSFT:stale-oracle, MSTR:stale-oracle, MU:stale-oracle, NVDA:stale-oracle, ORCL:stale-oracle, PLTR:stale-oracle, SGOV:stale-oracle, SNDK:stale-oracle, S
2026-09-27T10:15:38.715Z once: done, 0 failure(s)
2026-09-27T10:28:44.118Z LIVE worker started → /home/runner/work/switch-rounds/switch-rounds/data (once)
2026-09-27T10:28:45.323Z once: done, 0 failure(s)
2026-09-27T11:14:38.849Z LIVE worker started → /home/runner/work/switch-rounds/switch-rounds/data (once)
2026-09-27T11:15:14.408Z round 131 exit 0 budget $5.61 · eligible 0 · excluded 23 (AAPL:stale-oracle, AMD:stale-oracle, AMZN:stale-oracle, BABA:stale-oracle, COIN:stale-oracle, CRCL:stale-oracle, DELL:stale-oracle, GME:stale-oracle, GOOGL:stale-oracle, INTC:stale-oracle, META:stale-oracle, MSFT:stale-oracle, MSTR:stale-oracle, MU:stale-oracle, NVDA:stale-oracle, PLTR:stale-oracle, RKLB:stale-oracle, SGOV:stale-oracle, SNDK:stale-oracle, S
2026-09-27T11:15:15.310Z once: done, 0 failure(s)
2026-09-27T11:28:31.783Z LIVE worker started → /home/runner/work/switch-rounds/switch-rounds/data (once)
2026-09-27T11:28:33.014Z once: done, 0 failure(s)
2026-09-27T12:19:20.429Z LIVE worker started → /home/runner/work/switch-rounds/switch-rounds/data (once)
2026-09-27T12:20:00.853Z round 132 exit 0 budget $5.61 · eligible 0 · excluded 25 (AAPL:stale-oracle, AMD:stale-oracle, AMZN:stale-oracle, BABA:stale-oracle, COIN:stale-oracle, CRCL:stale-oracle, DELL:stale-oracle, GME:stale-oracle, GOOGL:stale-oracle, INTC:stale-oracle, META:stale-oracle, MSFT:stale-oracle, MSTR:stale-oracle, MU:stale-oracle, NBIS:stale-oracle, NVDA:stale-oracle, PLTR:stale-oracle, QQQ:stale-oracle, RKLB:stale-oracle, SN
2026-09-27T12:20:01.870Z once: done, 0 failure(s)
2026-09-27T12:34:34.975Z LIVE worker started → /home/runner/work/switch-rounds/switch-rounds/data (once)
2026-09-27T12:34:36.121Z once: done, 0 failure(s)
2026-09-27T13:14:39.248Z LIVE worker started → /home/runner/work/switch-rounds/switch-rounds/data (once)
2026-09-27T13:15:12.711Z round 133 exit 0 budget $5.58 · eligible 0 · excluded 26 (AAPL:stale-oracle, AMD:stale-oracle, AMZN:stale-oracle, BABA:stale-oracle, COIN:stale-oracle, CRCL:stale-oracle, CRWV:stale-oracle, DELL:stale-oracle, GME:stale-oracle, GOOGL:stale-oracle, INTC:stale-oracle, META:stale-oracle, MSFT:stale-oracle, MSTR:stale-oracle, MU:stale-oracle, NBIS:stale-oracle, NVDA:stale-oracle, PLTR:stale-oracle, QQQ:stale-oracle, SG
2026-09-27T13:15:13.470Z once: done, 0 failure(s)
2026-09-27T13:28:12.177Z LIVE worker started → /home/runner/work/switch-rounds/switch-rounds/data (once)
2026-09-27T13:28:13.240Z once: done, 0 failure(s)
2026-09-27T14:14:30.289Z LIVE worker started → /home/runner/work/switch-rounds/switch-rounds/data (once)
2026-09-27T14:15:12.087Z round 134 exit 0 budget $5.61 · eligible 0 · excluded 26 (AAPL:stale-oracle, AMD:stale-oracle, AMZN:stale-oracle, BABA:stale-oracle, COIN:stale-oracle, CRCL:stale-oracle, CRWV:stale-oracle, DELL:stale-oracle, GME:stale-oracle, GOOGL:stale-oracle, INTC:stale-oracle, META:stale-oracle, MSFT:stale-oracle, MSTR:stale-oracle, MU:stale-oracle, NBIS:stale-oracle, NVDA:stale-oracle, PLTR:stale-oracle, QQQ:stale-oracle, SG
2026-09-27T14:15:13.156Z once: done, 0 failure(s)
2026-09-27T14:28:30.607Z LIVE worker started → /home/runner/work/switch-rounds/switch-rounds/data (once)
2026-09-27T14:28:32.299Z once: done, 0 failure(s)
2026-09-27T15:14:53.976Z LIVE worker started → /home/runner/work/switch-rounds/switch-rounds/data (once)
2026-09-27T15:15:36.331Z round 135 exit 0 budget $5.54 · eligible 0 · excluded 24 (AAPL:stale-oracle, AMD:stale-oracle, AMZN:stale-oracle, BABA:stale-oracle, COIN:stale-oracle, CRCL:stale-oracle, DELL:stale-oracle, GME:stale-oracle, GOOGL:stale-oracle, INTC:stale-oracle, META:stale-oracle, MSFT:stale-oracle, MSTR:stale-oracle, MU:stale-oracle, NBIS:stale-oracle, NVDA:stale-oracle, PLTR:stale-oracle, SGOV:stale-oracle, SNDK:stale-oracle, S
2026-09-27T15:15:37.502Z once: done, 0 failure(s)
2026-09-27T15:28:59.629Z LIVE worker started → /home/runner/work/switch-rounds/switch-rounds/data (once)
2026-09-27T15:29:01.280Z once: done, 0 failure(s)
2026-09-27T16:15:39.521Z LIVE worker started → /home/runner/work/switch-rounds/switch-rounds/data (once)
2026-09-27T16:16:20.363Z round 136 exit 0 budget $5.54 · eligible 0 · excluded 24 (AAPL:stale-oracle, AMD:stale-oracle, AMZN:stale-oracle, BABA:stale-oracle, COIN:stale-oracle, CRCL:stale-oracle, DELL:stale-oracle, GME:stale-oracle, GOOGL:stale-oracle, INTC:stale-oracle, META:stale-oracle, MSFT:stale-oracle, MSTR:stale-oracle, MU:stale-oracle, NBIS:stale-oracle, NVDA:stale-oracle, PLTR:stale-oracle, SGOV:stale-oracle, SNDK:stale-oracle, S
2026-09-27T16:16:21.545Z once: done, 0 failure(s)
2026-09-27T16:29:58.409Z LIVE worker started → /home/runner/work/switch-rounds/switch-rounds/data (once)
2026-09-27T16:29:59.746Z once: done, 0 failure(s)
2026-09-27T17:14:10.184Z LIVE worker started → /home/runner/work/switch-rounds/switch-rounds/data (once)
2026-09-27T17:14:42.973Z round 137 exit 0 budget $5.54 · eligible 0 · excluded 26 (AAPL:stale-oracle, AMD:stale-oracle, AMZN:stale-oracle, BABA:stale-oracle, COIN:stale-oracle, CRCL:stale-oracle, CRWV:stale-oracle, DELL:stale-oracle, GME:stale-oracle, GOOGL:stale-oracle, INTC:stale-oracle, META:stale-oracle, MSFT:stale-oracle, MSTR:stale-oracle, MU:stale-oracle, NVDA:stale-oracle, ORCL:stale-oracle, PLTR:stale-oracle, QQQ:stale-oracle, SG
2026-09-27T17:14:43.854Z once: done, 0 failure(s)
2026-09-27T17:27:44.769Z LIVE worker started → /home/runner/work/switch-rounds/switch-rounds/data (once)
2026-09-27T17:27:46.100Z once: done, 0 failure(s)
2026-09-27T18:18:12.512Z LIVE worker started → /home/runner/work/switch-rounds/switch-rounds/data (once)
2026-09-27T18:18:54.525Z round 138 exit 0 budget $5.54 · eligible 0 · excluded 23 (AAPL:stale-oracle, AMD:stale-oracle, AMZN:stale-oracle, BABA:stale-oracle, COIN:stale-oracle, CRCL:stale-oracle, DELL:stale-oracle, GME:stale-oracle, GOOGL:stale-oracle, INTC:stale-oracle, META:stale-oracle, MSFT:stale-oracle, MSTR:stale-oracle, MU:stale-oracle, NVDA:stale-oracle, ORCL:stale-oracle, PLTR:stale-oracle, SGOV:stale-oracle, SNDK:stale-oracle, S
2026-09-27T18:18:55.533Z once: done, 0 failure(s)
2026-09-27T18:32:26.365Z LIVE worker started → /home/runner/work/switch-rounds/switch-rounds/data (once)
2026-09-27T18:32:27.650Z once: done, 0 failure(s)
2026-09-27T19:13:15.266Z LIVE worker started → /home/runner/work/switch-rounds/switch-rounds/data (once)
2026-09-27T19:13:49.048Z round 139 exit 0 budget $5.57 · eligible 0 · excluded 25 (AAPL:stale-oracle, AMD:stale-oracle, AMZN:stale-oracle, BABA:stale-oracle, COIN:stale-oracle, CRCL:stale-oracle, DELL:stale-oracle, GME:stale-oracle, GOOGL:stale-oracle, INTC:stale-oracle, META:stale-oracle, MSFT:stale-oracle, MSTR:stale-oracle, MU:stale-oracle, NBIS:stale-oracle, NVDA:stale-oracle, PLTR:stale-oracle, RKLB:stale-oracle, SGOV:stale-oracle, S
2026-09-27T19:13:49.719Z once: done, 0 failure(s)
2026-09-27T19:27:14.928Z LIVE worker started → /home/runner/work/switch-rounds/switch-rounds/data (once)
2026-09-27T19:27:16.295Z once: done, 0 failure(s)
2026-09-27T20:15:08.011Z LIVE worker started → /home/runner/work/switch-rounds/switch-rounds/data (once)
2026-09-27T20:15:48.345Z round 140 exit 0 budget $5.57 · eligible 0 · excluded 24 (AAPL:stale-oracle, AMD:stale-oracle, AMZN:stale-oracle, BABA:stale-oracle, COIN:stale-oracle, CRCL:stale-oracle, DELL:stale-oracle, GME:stale-oracle, GOOGL:stale-oracle, INTC:stale-oracle, META:stale-oracle, MSFT:stale-oracle, MSTR:stale-oracle, MU:stale-oracle, NBIS:stale-oracle, NVDA:stale-oracle, ORCL:stale-oracle, PLTR:stale-oracle, RKLB:stale-oracle, S
2026-09-27T20:15:49.451Z once: done, 0 failure(s)
2026-09-27T20:28:23.036Z LIVE worker started → /home/runner/work/switch-rounds/switch-rounds/data (once)
2026-09-27T20:28:23.846Z once: done, 0 failure(s)
2026-09-27T21:15:01.735Z LIVE worker started → /home/runner/work/switch-rounds/switch-rounds/data (once)
2026-09-27T21:15:45.047Z round 141 exit 0 budget $5.57 · eligible 0 · excluded 25 (AAPL:stale-oracle, AMD:stale-oracle, AMZN:stale-oracle, BABA:stale-oracle, COIN:stale-oracle, CRCL:stale-oracle, DELL:stale-oracle, GME:stale-oracle, GOOGL:stale-oracle, INTC:stale-oracle, META:stale-oracle, MSFT:stale-oracle, MSTR:stale-oracle, MU:stale-oracle, NBIS:stale-oracle, NVDA:stale-oracle, ORCL:stale-oracle, PLTR:stale-oracle, RKLB:stale-oracle, S
2026-09-27T21:15:45.997Z once: done, 0 failure(s)
2026-09-27T21:28:47.653Z LIVE worker started → /home/runner/work/switch-rounds/switch-rounds/data (once)
2026-09-27T21:28:48.961Z once: done, 0 failure(s)
2026-09-27T22:14:35.450Z LIVE worker started → /home/runner/work/switch-rounds/switch-rounds/data (once)
2026-09-27T22:15:18.955Z round 142 exit 0 budget $5.53 · eligible 0 · excluded 26 (AAPL:stale-oracle, AMD:stale-oracle, AMZN:stale-oracle, BABA:stale-oracle, COIN:stale-oracle, CRCL:stale-oracle, CRWV:stale-oracle, DELL:stale-oracle, GME:stale-oracle, GOOGL:stale-oracle, INTC:stale-oracle, META:stale-oracle, MSFT:stale-oracle, MSTR:stale-oracle, MU:stale-oracle, NVDA:stale-oracle, ORCL:stale-oracle, PLTR:stale-oracle, RKLB:stale-oracle, S
2026-09-27T22:15:19.812Z once: done, 0 failure(s)
2026-09-27T22:29:04.006Z LIVE worker started → /home/runner/work/switch-rounds/switch-rounds/data (once)
2026-09-27T22:29:04.976Z once: done, 0 failure(s)
2026-09-27T23:14:31.061Z LIVE worker started → /home/runner/work/switch-rounds/switch-rounds/data (once)
2026-09-27T23:15:12.342Z round 143 exit 0 budget $5.53 · eligible 0 · excluded 26 (AAPL:stale-oracle, AMD:stale-oracle, AMZN:stale-oracle, BABA:stale-oracle, COIN:stale-oracle, CRCL:stale-oracle, DELL:stale-oracle, GME:stale-oracle, GOOGL:stale-oracle, INTC:stale-oracle, META:stale-oracle, MSFT:stale-oracle, MSTR:stale-oracle, MU:stale-oracle, NBIS:stale-oracle, NVDA:stale-oracle, ORCL:stale-oracle, PLTR:stale-oracle, RKLB:stale-oracle, S
2026-09-27T23:15:13.397Z once: done, 0 failure(s)
2026-09-27T23:27:46.237Z LIVE worker started → /home/runner/work/switch-rounds/switch-rounds/data (once)
2026-09-27T23:27:47.480Z once: done, 0 failure(s)
2026-09-28T00:23:39.330Z LIVE worker started → /home/runner/work/switch-rounds/switch-rounds/data (once)
2026-09-28T00:24:12.714Z round 144 exit 0 budget $5.57 · eligible 12 · excluded 14 (AMD:low-volume, AMZN:low-volume, BABA:low-volume, COIN:low-volume, DELL:low-volume, GOOGL:low-volume, MSFT:low-volume, NBIS:low-volume, ORCL:low-volume, RKLB:low-volume, SGOV:low-volume, SNDK:low-volume, TSLA:low-volume, TSM:low-volume) | ROLLED: budget-floor
2026-09-28T00:24:13.372Z once: done, 0 failure(s)
2026-09-28T00:39:44.181Z LIVE worker started → /home/runner/work/switch-rounds/switch-rounds/data (once)
2026-09-28T00:39:45.383Z once: done, 0 failure(s)
2026-09-28T01:15:56.028Z LIVE worker started → /home/runner/work/switch-rounds/switch-rounds/data (once)
2026-09-28T01:16:44.814Z round 145 exit 0 budget $5.54 · eligible 16 · excluded 10 (AMD:low-volume, AMZN:low-volume, BABA:low-volume, DELL:low-volume, NBIS:low-volume, ORCL:low-volume, RKLB:low-volume, SGOV:low-volume, SNDK:low-volume, TSM:low-volume) | ROLLED: budget-floor
2026-09-28T01:16:45.949Z once: done, 0 failure(s)
2026-09-28T01:29:47.450Z LIVE worker started → /home/runner/work/switch-rounds/switch-rounds/data (once)
2026-09-28T01:29:48.628Z once: done, 0 failure(s)
2026-09-28T02:16:01.479Z LIVE worker started → /home/runner/work/switch-rounds/switch-rounds/data (once)
2026-09-28T02:16:42.640Z round 146 exit 0 budget $5.48 · eligible 19 · excluded 8 (AMZN:low-volume, MSFT:low-volume, NBIS:low-volume, ORCL:low-volume, PLTR:low-volume, QQQ:low-volume, RKLB:low-volume, SGOV:low-volume) | ROLLED: budget-floor
2026-09-28T02:16:43.952Z once: done, 0 failure(s)
2026-09-28T02:31:03.075Z LIVE worker started → /home/runner/work/switch-rounds/switch-rounds/data (once)
2026-09-28T02:31:04.604Z once: done, 0 failure(s)
2026-09-28T03:17:22.823Z LIVE worker started → /home/runner/work/switch-rounds/switch-rounds/data (once)
2026-09-28T03:18:05.142Z round 147 exit 0 budget $5.48 · eligible 18 · excluded 9 (AMZN:low-volume, GME:low-volume, MSFT:low-volume, NBIS:low-volume, ORCL:low-volume, PLTR:low-volume, QQQ:low-volume, SGOV:low-volume, SNDK:low-volume) | ROLLED: budget-floor
2026-09-28T03:18:06.199Z once: done, 0 failure(s)
2026-09-28T03:32:30.082Z LIVE worker started → /home/runner/work/switch-rounds/switch-rounds/data (once)
2026-09-28T03:32:31.551Z once: done, 0 failure(s)
2026-09-28T04:17:24.683Z LIVE worker started → /home/runner/work/switch-rounds/switch-rounds/data (once)
2026-09-28T04:18:07.703Z round 148 exit 0 budget $5.48 · eligible 16 · excluded 12 (AMD:low-volume, AMZN:low-volume, CRWV:low-volume, GME:low-volume, INTC:low-volume, MSFT:low-volume, NBIS:low-volume, ORCL:low-volume, QQQ:low-volume, RKLB:low-volume, SGOV:low-volume, TSM:low-volume) | ROLLED: budget-floor
2026-09-28T04:18:08.447Z once: done, 0 failure(s)
2026-09-28T04:32:36.620Z LIVE worker started → /home/runner/work/switch-rounds/switch-rounds/data (once)
2026-09-28T04:32:37.911Z once: done, 0 failure(s)
2026-09-28T05:16:57.523Z LIVE worker started → /home/runner/work/switch-rounds/switch-rounds/data (once)
2026-09-28T05:17:36.310Z round 149 exit 0 budget $5.48 · eligible 12 · excluded 15 (AMD:low-volume, AMZN:low-volume, BABA:low-volume, COIN:low-volume, CRWV:low-volume, DELL:low-volume, GOOGL:low-volume, MSFT:low-volume, NBIS:low-volume, QQQ:low-volume, RKLB:low-volume, SGOV:low-volume, SNDK:low-volume, TSLA:low-volume, TSM:low-volume) | ROLLED: budget-floor
2026-09-28T05:17:37.254Z once: done, 0 failure(s)
2026-09-28T05:31:38.779Z LIVE worker started → /home/runner/work/switch-rounds/switch-rounds/data (once)
2026-09-28T05:31:39.630Z once: done, 0 failure(s)
2026-09-28T06:22:55.452Z LIVE worker started → /home/runner/work/switch-rounds/switch-rounds/data (once)
2026-09-28T06:23:25.664Z round 150 exit 0 budget $5.47 · eligible 15 · excluded 12 (AMD:low-volume, AMZN:low-volume, CRWV:low-volume, DELL:low-volume, MSFT:low-volume, MU:low-volume, NBIS:low-volume, QQQ:low-volume, RKLB:low-volume, SGOV:low-volume, SNDK:low-volume, TSM:low-volume) | ROLLED: budget-floor
2026-09-28T06:23:26.440Z once: done, 0 failure(s)
2026-09-28T06:39:58.417Z LIVE worker started → /home/runner/work/switch-rounds/switch-rounds/data (once)
2026-09-28T06:39:59.933Z once: done, 0 failure(s)
2026-09-28T07:18:19.834Z LIVE worker started → /home/runner/work/switch-rounds/switch-rounds/data (once)
2026-09-28T07:18:49.470Z round 151 exit 0 budget $5.47 · eligible 16 · excluded 12 (AMZN:low-volume, COIN:low-volume, CRWV:low-volume, DELL:low-volume, GOOGL:low-volume, MSFT:low-volume, NBIS:low-volume, ORCL:low-volume, QQQ:low-volume, RKLB:low-volume, SGOV:low-volume, SNDK:low-volume) | ROLLED: budget-floor
2026-09-28T07:18:50.273Z once: done, 0 failure(s)
2026-09-28T07:32:46.382Z LIVE worker started → /home/runner/work/switch-rounds/switch-rounds/data (once)
2026-09-28T07:32:47.254Z once: done, 0 failure(s)
2026-09-28T08:19:31.001Z LIVE worker started → /home/runner/work/switch-rounds/switch-rounds/data (once)
2026-09-28T08:20:03.105Z round 152 exit 0 budget $5.47 · eligible 13 · excluded 14 (AMD:low-volume, AMZN:low-volume, BABA:low-volume, COIN:low-volume, DELL:low-volume, INTC:low-volume, MSFT:low-volume, NBIS:low-volume, ORCL:low-volume, QQQ:low-volume, RKLB:low-volume, SGOV:low-volume, SNDK:low-volume, TSM:low-volume) | ROLLED: budget-floor
2026-09-28T08:20:04.014Z once: done, 0 failure(s)
2026-09-28T08:34:27.100Z LIVE worker started → /home/runner/work/switch-rounds/switch-rounds/data (once)
2026-09-28T08:34:28.375Z once: done, 0 failure(s)
2026-09-28T09:18:56.641Z LIVE worker started → /home/runner/work/switch-rounds/switch-rounds/data (once)
2026-09-28T09:19:46.521Z round 153 exit 0 budget $5.47 · eligible 16 · excluded 8 (AMD:low-volume, AMZN:low-volume, BABA:low-volume, MSFT:low-volume, MU:low-volume, RKLB:low-volume, SGOV:low-volume, TSM:low-volume) | ROLLED: budget-floor
2026-09-28T09:19:47.314Z once: done, 0 failure(s)
2026-09-28T09:34:38.220Z LIVE worker started → /home/runner/work/switch-rounds/switch-rounds/data (once)
2026-09-28T09:34:39.508Z once: done, 0 failure(s)
2026-09-28T10:17:42.599Z LIVE worker started → /home/runner/work/switch-rounds/switch-rounds/data (once)
2026-09-28T10:18:25.967Z round 154 exit 0 budget $5.47 · eligible 18 · excluded 10 (AMD:low-volume, AMZN:low-volume, BABA:low-volume, CRWV:low-volume, NBIS:low-volume, ORCL:low-volume, QQQ:low-volume, RKLB:low-volume, SGOV:low-volume, TSLA:low-volume) | ROLLED: budget-floor
2026-09-28T10:18:26.890Z once: done, 0 failure(s)
2026-09-28T10:33:13.566Z LIVE worker started → /home/runner/work/switch-rounds/switch-rounds/data (once)
2026-09-28T10:33:14.724Z once: done, 0 failure(s)
2026-09-28T11:16:00.161Z LIVE worker started → /home/runner/work/switch-rounds/switch-rounds/data (once)
2026-09-28T11:16:30.675Z round 155 exit 0 budget $5.47 · eligible 12 · excluded 12 (AMD:low-volume, AMZN:low-volume, BABA:low-volume, COIN:low-volume, DELL:low-volume, INTC:low-volume, MSFT:low-volume, MU:low-volume, ORCL:low-volume, RKLB:low-volume, SGOV:low-volume, SNDK:low-volume) | ROLLED: budget-floor
2026-09-28T11:16:31.350Z once: done, 0 failure(s)
2026-09-28T11:32:47.797Z LIVE worker started → /home/runner/work/switch-rounds/switch-rounds/data (once)
2026-09-28T11:32:49.103Z once: done, 0 failure(s)
2026-09-28T12:21:44.888Z LIVE worker started → /home/runner/work/switch-rounds/switch-rounds/data (once)
2026-09-28T12:22:13.886Z round 156 exit 0 budget $5.53 · eligible 15 · excluded 9 (AMD:low-volume, AMZN:low-volume, BABA:low-volume, DELL:low-volume, GOOGL:low-volume, INTC:low-volume, MSFT:low-volume, RKLB:low-volume, SNDK:low-volume) | ROLLED: budget-floor
2026-09-28T12:22:14.851Z once: done, 0 failure(s)
2026-09-28T12:39:00.324Z LIVE worker started → /home/runner/work/switch-rounds/switch-rounds/data (once)
2026-09-28T12:39:01.734Z once: done, 0 failure(s)
2026-09-28T13:17:48.422Z LIVE worker started → /home/runner/work/switch-rounds/switch-rounds/data (once)
2026-09-28T13:18:34.548Z round 157 exit 0 budget $5.53 · eligible 19 · excluded 5 (AMZN:low-volume, DELL:low-volume, GOOGL:low-volume, NBIS:low-volume, SGOV:low-volume) | ROLLED: budget-floor
2026-09-28T13:18:35.494Z once: done, 0 failure(s)
2026-09-28T13:33:05.640Z LIVE worker started → /home/runner/work/switch-rounds/switch-rounds/data (once)
2026-09-28T13:33:06.555Z once: done, 0 failure(s)
2026-09-28T14:18:15.204Z LIVE worker started → /home/runner/work/switch-rounds/switch-rounds/data (once)
2026-09-28T14:19:31.968Z round 158 exit 0 budget $26.99 · eligible 22 · excluded 5 (GME:thin-depth, ORCL:low-volume, QQQ:low-volume, RKLB:low-volume, SGOV:low-volume) | ROLLED: slippage-bound
2026-09-28T14:19:33.206Z once: done, 0 failure(s)
2026-09-28T14:34:45.039Z LIVE worker started → /home/runner/work/switch-rounds/switch-rounds/data (once)
2026-09-28T14:34:46.990Z once: done, 0 failure(s)
2026-09-28T15:18:52.264Z LIVE worker started → /home/runner/work/switch-rounds/switch-rounds/data (once)
2026-09-28T15:21:20.944Z round 159 exit 0 budget $26.99 · eligible 22 · excluded 6 (AMZN:low-volume, ORCL:low-volume, QQQ:low-volume, RKLB:low-volume, SGOV:low-volume, TSM:low-volume) | WINNER USO: 0.1758 units at $153.58 → 157 holders · root 0xe798ef76d7e99c1c… · acquire 0x4eab501ed779ac147fc6e14c0d95072d9964def5ef9654d583bc7ffa0c34902d
2026-09-28T15:21:22.077Z once: done, 0 failure(s)
2026-09-28T15:34:03.865Z LIVE worker started → /home/runner/work/switch-rounds/switch-rounds/data (once)
2026-09-28T15:34:05.644Z once: done, 0 failure(s)
2026-09-28T16:19:04.866Z LIVE worker started → /home/runner/work/switch-rounds/switch-rounds/data (once)
2026-09-28T16:19:42.229Z round 160 exit 0 budget $26.99 · eligible 18 · excluded 8 (AMZN:low-volume, BABA:low-volume, NBIS:low-volume, ORCL:low-volume, RKLB:thin-depth, SGOV:low-volume, SNDK:low-volume, TSM:low-volume) | WINNER CRCL: 0.3117 units at $86.60 → 157 holders · root 0x3ec936d8778522f6… · acquire 0x5a4ff714889f774b240239f4512095a3c58f3078e74f025954eac12d30299ac9
2026-09-28T16:19:43.310Z once: done, 0 failure(s)
2026-09-28T16:33:57.330Z LIVE worker started → /home/runner/work/switch-rounds/switch-rounds/data (once)
2026-09-28T16:33:58.946Z once: done, 0 failure(s)
2026-09-28T17:15:57.238Z LIVE worker started → /home/runner/work/switch-rounds/switch-rounds/data (once)
2026-09-28T17:16:34.475Z round 161 exit 0 budget $26.99 · eligible 17 · excluded 11 (AMZN:low-volume, BABA:low-volume, CRWV:low-volume, GME:thin-depth, GOOGL:low-volume, INTC:low-volume, NBIS:low-volume, ORCL:low-volume, QQQ:low-volume, RKLB:low-volume, SGOV:low-volume) | WINNER SNDK: 0.0156 units at $1,719 → 157 holders · root 0x8733dc21d0245bb0… · acquire 0x6ecaaf0799c96bb3f90905306b0af30cb8927cb9c1be8921dde92c8f4cf45cfe
2026-09-28T17:16:35.488Z once: done, 0 failure(s)
2026-09-28T17:31:07.031Z LIVE worker started → /home/runner/work/switch-rounds/switch-rounds/data (once)
2026-09-28T17:31:08.826Z once: done, 0 failure(s)
2026-09-28T18:19:06.005Z LIVE worker started → /home/runner/work/switch-rounds/switch-rounds/data (once)
2026-09-28T18:19:59.644Z round 162 exit 0 budget $26.99 · eligible 14 · excluded 13 (AMD:low-volume, AMZN:low-volume, BABA:low-volume, CRWV:low-volume, DELL:low-volume, INTC:low-volume, MSFT:low-volume, NBIS:low-volume, QQQ:low-volume, RKLB:low-volume, SGOV:low-volume, SNDK:low-volume, TSM:low-volume) | WINNER MSTR: 0.1678 units at $160.88 → 155 holders · root 0x55a3442fb19764eb… · acquire 0xe2b358402cab6fc3eb42467797e6ae7fad791dece3af04e
2026-09-28T18:20:01.319Z once: done, 0 failure(s)
2026-09-28T18:35:36.519Z LIVE worker started → /home/runner/work/switch-rounds/switch-rounds/data (once)
2026-09-28T18:35:52.532Z push run exit 1 18:35:38 push batch 27 leaves 1–40 of 341: sent 0x446be9b5fa2450c5c70a98a83891710c0b4014f2f1c862f0398bbb8546f2d6b5 | 18:35:40 push batch 27 leaves 1–40 of 341: confirmed in block 75017074, gas 6366115 | 18:35:41 push batch 27 leaves 41–80 of 341: sent 0x5fc0bda4487aa80988aae8f60857e7a4e78ab7f088c94e5afd3351c776e00848 | 18:35:41 push batch 27 leaves 41–80 of 341: confirmed in block 75017096, gas 62
2026-09-28T18:35:52.533Z once: done, 0 failure(s)
2026-09-28T19:15:37.665Z LIVE worker started → /home/runner/work/switch-rounds/switch-rounds/data (once)
2026-09-28T19:16:50.822Z round 163 exit 1 /home/runner/work/switch-rounds/switch-rounds/dapp/node_modules/viem/utils/errors/getContractError.ts:82 |   return new ContractFunctionExecutionError(cause as BaseError, { | ContractFunctionExecutionError: The contract function "push" reverted. | Error: ExceedsAcquired(address instrument, uint256 attempted, uint256 acquired) |     at getContractError (/home/runner/work/switch-rounds/switch-rounds
2026-09-28T19:18:50.859Z round 163 exit 1 /home/runner/work/switch-rounds/switch-rounds/dapp/node_modules/viem/utils/errors/getContractError.ts:82 |   return new ContractFunctionExecutionError(cause as BaseError, { | ContractFunctionExecutionError: The contract function "push" reverted. | Error: ExceedsAcquired(address instrument, uint256 attempted, uint256 acquired) |     at getContractError (/home/runner/work/switch-rounds/switch-rounds
2026-09-28T19:21:53.350Z round 163 exit 1 /home/runner/work/switch-rounds/switch-rounds/dapp/node_modules/viem/utils/errors/getContractError.ts:82 |   return new ContractFunctionExecutionError(cause as BaseError, { | ContractFunctionExecutionError: The contract function "push" reverted. | Error: ExceedsAcquired(address instrument, uint256 attempted, uint256 acquired) |     at getContractError (/home/runner/work/switch-rounds/switch-rounds
2026-09-28T19:24:53.431Z round 163 failed 3 times
2026-09-28T19:25:31.171Z push run exit 1 /home/runner/work/switch-rounds/switch-rounds/dapp/node_modules/viem/utils/errors/getContractError.ts:82 |   return new ContractFunctionExecutionError(cause as BaseError, { | ContractFunctionExecutionError: The contract function "push" reverted. | Error: ExceedsAcquired(address instrument, uint256 attempted, uint256 acquired) |     at getContractError (/home/runner/work/switch-rounds/switch-rounds
2026-09-28T19:25:31.171Z once: done, 1 failure(s)
2026-09-28T19:30:22.903Z LIVE worker started → /home/runner/work/switch-rounds/switch-rounds/data (once)
2026-09-28T19:31:11.909Z push run exit 1 /home/runner/work/switch-rounds/switch-rounds/dapp/node_modules/viem/utils/errors/getContractError.ts:82 |   return new ContractFunctionExecutionError(cause as BaseError, { | ContractFunctionExecutionError: The contract function "push" reverted. | Error: ExceedsAcquired(address instrument, uint256 attempted, uint256 acquired) |     at getContractError (/home/runner/work/switch-rounds/switch-rounds
2026-09-28T19:31:11.910Z once: done, 0 failure(s)
2026-09-28T20:15:12.304Z LIVE worker started → /home/runner/work/switch-rounds/switch-rounds/data (once)
2026-09-28T20:15:36.255Z round 164 exit 1 /home/runner/work/switch-rounds/switch-rounds/dapp/node_modules/viem/utils/errors/getContractError.ts:82 |   return new ContractFunctionExecutionError(cause as BaseError, { | ContractFunctionExecutionError: The contract function "commitRound" reverted. | Error: AlreadyStaged() |     at getContractError (/home/runner/work/switch-rounds/switch-rounds/dapp/node_modules/viem/utils/errors/getContractEr
2026-09-28T20:17:00.553Z round 164 exit 1 /home/runner/work/switch-rounds/switch-rounds/dapp/node_modules/viem/utils/errors/getContractError.ts:82 |   return new ContractFunctionExecutionError(cause as BaseError, { | ContractFunctionExecutionError: The contract function "commitRound" reverted. | Error: AlreadyStaged() |     at getContractError (/home/runner/work/switch-rounds/switch-rounds/dapp/node_modules/viem/utils/errors/getContractEr
2026-09-28T20:19:20.677Z round 164 exit 1 /home/runner/work/switch-rounds/switch-rounds/dapp/node_modules/viem/utils/errors/getContractError.ts:82 |   return new ContractFunctionExecutionError(cause as BaseError, { | ContractFunctionExecutionError: The contract function "commitRound" reverted. | Error: AlreadyStaged() |     at getContractError (/home/runner/work/switch-rounds/switch-rounds/dapp/node_modules/viem/utils/errors/getContractEr
2026-09-28T20:22:20.776Z round 164 failed 3 times
2026-09-28T20:22:58.090Z push run exit 1 /home/runner/work/switch-rounds/switch-rounds/dapp/node_modules/viem/utils/errors/getContractError.ts:82 |   return new ContractFunctionExecutionError(cause as BaseError, { | ContractFunctionExecutionError: The contract function "push" reverted. | Error: ExceedsAcquired(address instrument, uint256 attempted, uint256 acquired) |     at getContractError (/home/runner/work/switch-rounds/switch-rounds
2026-09-28T20:22:58.090Z once: done, 1 failure(s)
2026-09-28T20:30:15.079Z LIVE worker started → /home/runner/work/switch-rounds/switch-rounds/data (once)
2026-09-28T20:30:57.836Z round 164 exit 1 /home/runner/work/switch-rounds/switch-rounds/dapp/node_modules/viem/utils/errors/getContractError.ts:82 |   return new ContractFunctionExecutionError(cause as BaseError, { | ContractFunctionExecutionError: The contract function "commitRound" reverted. | Error: AlreadyStaged() |     at getContractError (/home/runner/work/switch-rounds/switch-rounds/dapp/node_modules/viem/utils/errors/getContractEr
2026-09-28T20:32:35.492Z round 164 exit 1 /home/runner/work/switch-rounds/switch-rounds/dapp/node_modules/viem/utils/errors/getContractError.ts:82 |   return new ContractFunctionExecutionError(cause as BaseError, { | ContractFunctionExecutionError: The contract function "commitRound" reverted. | Error: AlreadyStaged() |     at getContractError (/home/runner/work/switch-rounds/switch-rounds/dapp/node_modules/viem/utils/errors/getContractEr
2026-09-28T20:35:18.457Z round 164 exit 1 /home/runner/work/switch-rounds/switch-rounds/dapp/node_modules/viem/utils/errors/getContractError.ts:82 |   return new ContractFunctionExecutionError(cause as BaseError, { | ContractFunctionExecutionError: The contract function "commitRound" reverted. | Error: AlreadyStaged() |     at getContractError (/home/runner/work/switch-rounds/switch-rounds/dapp/node_modules/viem/utils/errors/getContractEr
2026-09-28T20:38:18.531Z round 164 failed 3 times
2026-09-28T20:39:25.938Z push run exit 1 /home/runner/work/switch-rounds/switch-rounds/dapp/node_modules/viem/utils/errors/getContractError.ts:82 |   return new ContractFunctionExecutionError(cause as BaseError, { | ContractFunctionExecutionError: The contract function "push" reverted. | Error: ExceedsAcquired(address instrument, uint256 attempted, uint256 acquired) |     at getContractError (/home/runner/work/switch-rounds/switch-rounds
2026-09-28T20:39:25.938Z once: done, 1 failure(s)
2026-09-28T21:16:11.813Z LIVE worker started → /home/runner/work/switch-rounds/switch-rounds/data (once)
2026-09-28T21:16:49.491Z round 164 exit 1 /home/runner/work/switch-rounds/switch-rounds/dapp/node_modules/viem/utils/errors/getContractError.ts:82 |   return new ContractFunctionExecutionError(cause as BaseError, { | ContractFunctionExecutionError: The contract function "commitRound" reverted. | Error: AlreadyStaged() |     at getContractError (/home/runner/work/switch-rounds/switch-rounds/dapp/node_modules/viem/utils/errors/getContractEr
2026-09-28T21:18:28.807Z round 164 exit 1 /home/runner/work/switch-rounds/switch-rounds/dapp/node_modules/viem/utils/errors/getContractError.ts:82 |   return new ContractFunctionExecutionError(cause as BaseError, { | ContractFunctionExecutionError: The contract function "commitRound" reverted. | Error: AlreadyStaged() |     at getContractError (/home/runner/work/switch-rounds/switch-rounds/dapp/node_modules/viem/utils/errors/getContractEr
2026-09-28T21:21:09.742Z round 164 exit 1 /home/runner/work/switch-rounds/switch-rounds/dapp/node_modules/viem/utils/errors/getContractError.ts:82 |   return new ContractFunctionExecutionError(cause as BaseError, { | ContractFunctionExecutionError: The contract function "commitRound" reverted. | Error: AlreadyStaged() |     at getContractError (/home/runner/work/switch-rounds/switch-rounds/dapp/node_modules/viem/utils/errors/getContractEr
2026-09-28T21:24:09.842Z round 164 failed 3 times
2026-09-28T21:25:17.710Z push run exit 1 /home/runner/work/switch-rounds/switch-rounds/dapp/node_modules/viem/utils/errors/getContractError.ts:82 |   return new ContractFunctionExecutionError(cause as BaseError, { | ContractFunctionExecutionError: The contract function "push" reverted. | Error: ExceedsAcquired(address instrument, uint256 attempted, uint256 acquired) |     at getContractError (/home/runner/work/switch-rounds/switch-rounds
2026-09-28T21:25:17.711Z once: done, 1 failure(s)
2026-09-28T21:29:48.769Z LIVE worker started → /home/runner/work/switch-rounds/switch-rounds/data (once)
2026-09-28T21:30:12.600Z round 164 exit 1 /home/runner/work/switch-rounds/switch-rounds/dapp/node_modules/viem/utils/errors/getContractError.ts:82 |   return new ContractFunctionExecutionError(cause as BaseError, { | ContractFunctionExecutionError: The contract function "commitRound" reverted. | Error: AlreadyStaged() |     at getContractError (/home/runner/work/switch-rounds/switch-rounds/dapp/node_modules/viem/utils/errors/getContractEr
2026-09-28T21:31:36.589Z round 164 exit 1 /home/runner/work/switch-rounds/switch-rounds/dapp/node_modules/viem/utils/errors/getContractError.ts:82 |   return new ContractFunctionExecutionError(cause as BaseError, { | ContractFunctionExecutionError: The contract function "commitRound" reverted. | Error: AlreadyStaged() |     at getContractError (/home/runner/work/switch-rounds/switch-rounds/dapp/node_modules/viem/utils/errors/getContractEr
2026-09-28T21:33:55.756Z round 164 exit 1 /home/runner/work/switch-rounds/switch-rounds/dapp/node_modules/viem/utils/errors/getContractError.ts:82 |   return new ContractFunctionExecutionError(cause as BaseError, { | ContractFunctionExecutionError: The contract function "commitRound" reverted. | Error: AlreadyStaged() |     at getContractError (/home/runner/work/switch-rounds/switch-rounds/dapp/node_modules/viem/utils/errors/getContractEr
2026-09-28T21:36:55.856Z round 164 failed 3 times
2026-09-28T21:37:34.122Z push run exit 1 /home/runner/work/switch-rounds/switch-rounds/dapp/node_modules/viem/utils/errors/getContractError.ts:82 |   return new ContractFunctionExecutionError(cause as BaseError, { | ContractFunctionExecutionError: The contract function "push" reverted. | Error: ExceedsAcquired(address instrument, uint256 attempted, uint256 acquired) |     at getContractError (/home/runner/work/switch-rounds/switch-rounds
2026-09-28T21:37:34.122Z once: done, 1 failure(s)
2026-09-28T22:15:51.075Z LIVE worker started → /home/runner/work/switch-rounds/switch-rounds/data (once)
2026-09-28T22:16:35.987Z round 164 exit 1 /home/runner/work/switch-rounds/switch-rounds/dapp/node_modules/viem/utils/errors/getContractError.ts:82 |   return new ContractFunctionExecutionError(cause as BaseError, { | ContractFunctionExecutionError: The contract function "commitRound" reverted. | Error: AlreadyStaged() |     at getContractError (/home/runner/work/switch-rounds/switch-rounds/dapp/node_modules/viem/utils/errors/getContractEr
2026-09-28T22:18:15.653Z round 164 exit 1 /home/runner/work/switch-rounds/switch-rounds/dapp/node_modules/viem/utils/errors/getContractError.ts:82 |   return new ContractFunctionExecutionError(cause as BaseError, { | ContractFunctionExecutionError: The contract function "commitRound" reverted. | Error: AlreadyStaged() |     at getContractError (/home/runner/work/switch-rounds/switch-rounds/dapp/node_modules/viem/utils/errors/getContractEr
2026-09-28T22:20:52.185Z round 164 exit 1 /home/runner/work/switch-rounds/switch-rounds/dapp/node_modules/viem/utils/errors/getContractError.ts:82 |   return new ContractFunctionExecutionError(cause as BaseError, { | ContractFunctionExecutionError: The contract function "commitRound" reverted. | Error: AlreadyStaged() |     at getContractError (/home/runner/work/switch-rounds/switch-rounds/dapp/node_modules/viem/utils/errors/getContractEr
2026-09-28T22:23:52.244Z round 164 failed 3 times
2026-09-28T22:24:57.580Z push run exit 1 /home/runner/work/switch-rounds/switch-rounds/dapp/node_modules/viem/utils/errors/getContractError.ts:82 |   return new ContractFunctionExecutionError(cause as BaseError, { | ContractFunctionExecutionError: The contract function "push" reverted. | Error: ExceedsAcquired(address instrument, uint256 attempted, uint256 acquired) |     at getContractError (/home/runner/work/switch-rounds/switch-rounds
2026-09-28T22:24:57.580Z once: done, 1 failure(s)
2026-09-28T22:29:03.820Z LIVE worker started → /home/runner/work/switch-rounds/switch-rounds/data (once)
2026-09-28T22:29:24.937Z round 164 exit 1 /home/runner/work/switch-rounds/switch-rounds/dapp/node_modules/viem/utils/errors/getContractError.ts:82 |   return new ContractFunctionExecutionError(cause as BaseError, { | ContractFunctionExecutionError: The contract function "commitRound" reverted. | Error: AlreadyStaged() |     at getContractError (/home/runner/work/switch-rounds/switch-rounds/dapp/node_modules/viem/utils/errors/getContractEr
2026-09-28T22:30:47.357Z round 164 exit 1 /home/runner/work/switch-rounds/switch-rounds/dapp/node_modules/viem/utils/errors/getContractError.ts:82 |   return new ContractFunctionExecutionError(cause as BaseError, { | ContractFunctionExecutionError: The contract function "commitRound" reverted. | Error: AlreadyStaged() |     at getContractError (/home/runner/work/switch-rounds/switch-rounds/dapp/node_modules/viem/utils/errors/getContractEr
2026-09-28T22:33:09.315Z round 164 exit 1 /home/runner/work/switch-rounds/switch-rounds/dapp/node_modules/viem/utils/errors/getContractError.ts:82 |   return new ContractFunctionExecutionError(cause as BaseError, { | ContractFunctionExecutionError: The contract function "commitRound" reverted. | Error: AlreadyStaged() |     at getContractError (/home/runner/work/switch-rounds/switch-rounds/dapp/node_modules/viem/utils/errors/getContractEr
2026-09-28T22:36:09.415Z round 164 failed 3 times
2026-09-28T22:36:47.824Z push run exit 1 /home/runner/work/switch-rounds/switch-rounds/dapp/node_modules/viem/utils/errors/getContractError.ts:82 |   return new ContractFunctionExecutionError(cause as BaseError, { | ContractFunctionExecutionError: The contract function "push" reverted. | Error: ExceedsAcquired(address instrument, uint256 attempted, uint256 acquired) |     at getContractError (/home/runner/work/switch-rounds/switch-rounds
2026-09-28T22:36:47.825Z once: done, 1 failure(s)
2026-09-28T23:14:36.563Z LIVE worker started → /home/runner/work/switch-rounds/switch-rounds/data (once)
2026-09-28T23:15:59.609Z round 164 exit 1 /home/runner/work/switch-rounds/switch-rounds/dapp/node_modules/viem/utils/errors/getContractError.ts:82 |   return new ContractFunctionExecutionError(cause as BaseError, { | ContractFunctionExecutionError: The contract function "commitRound" reverted. | Error: AlreadyStaged() |     at getContractError (/home/runner/work/switch-rounds/switch-rounds/dapp/node_modules/viem/utils/errors/getContractEr
2026-09-28T23:18:12.453Z round 164 exit 1 /home/runner/work/switch-rounds/switch-rounds/dapp/node_modules/viem/utils/errors/getContractError.ts:82 |   return new ContractFunctionExecutionError(cause as BaseError, { | ContractFunctionExecutionError: The contract function "commitRound" reverted. | Error: AlreadyStaged() |     at getContractError (/home/runner/work/switch-rounds/switch-rounds/dapp/node_modules/viem/utils/errors/getContractEr
2026-09-28T23:21:24.285Z round 164 exit 1 /home/runner/work/switch-rounds/switch-rounds/dapp/node_modules/viem/utils/errors/getContractError.ts:82 |   return new ContractFunctionExecutionError(cause as BaseError, { | ContractFunctionExecutionError: The contract function "commitRound" reverted. | Error: AlreadyStaged() |     at getContractError (/home/runner/work/switch-rounds/switch-rounds/dapp/node_modules/viem/utils/errors/getContractEr
2026-09-28T23:24:24.386Z round 164 failed 3 times
2026-09-28T23:26:26.894Z push run exit 1 /home/runner/work/switch-rounds/switch-rounds/dapp/node_modules/viem/utils/errors/getContractError.ts:82 |   return new ContractFunctionExecutionError(cause as BaseError, { | ContractFunctionExecutionError: The contract function "push" reverted. | Error: ExceedsAcquired(address instrument, uint256 attempted, uint256 acquired) |     at getContractError (/home/runner/work/switch-rounds/switch-rounds
2026-09-28T23:26:26.894Z once: done, 1 failure(s)
2026-09-28T23:29:17.094Z LIVE worker started → /home/runner/work/switch-rounds/switch-rounds/data (once)
2026-09-28T23:29:34.060Z round 164 exit 1 /home/runner/work/switch-rounds/switch-rounds/dapp/node_modules/viem/utils/errors/getContractError.ts:82 |   return new ContractFunctionExecutionError(cause as BaseError, { | ContractFunctionExecutionError: The contract function "commitRound" reverted. | Error: AlreadyStaged() |     at getContractError (/home/runner/work/switch-rounds/switch-rounds/dapp/node_modules/viem/utils/errors/getContractEr
2026-09-28T23:30:59.048Z round 164 exit 1 /home/runner/work/switch-rounds/switch-rounds/dapp/node_modules/viem/utils/errors/getContractError.ts:82 |   return new ContractFunctionExecutionError(cause as BaseError, { | ContractFunctionExecutionError: The contract function "commitRound" reverted. | Error: AlreadyStaged() |     at getContractError (/home/runner/work/switch-rounds/switch-rounds/dapp/node_modules/viem/utils/errors/getContractEr
2026-09-28T23:33:15.185Z round 164 exit 1 /home/runner/work/switch-rounds/switch-rounds/dapp/node_modules/viem/utils/errors/getContractError.ts:82 |   return new ContractFunctionExecutionError(cause as BaseError, { | ContractFunctionExecutionError: The contract function "commitRound" reverted. | Error: AlreadyStaged() |     at getContractError (/home/runner/work/switch-rounds/switch-rounds/dapp/node_modules/viem/utils/errors/getContractEr
2026-09-28T23:36:15.269Z round 164 failed 3 times
2026-09-28T23:36:54.735Z push run exit 1 /home/runner/work/switch-rounds/switch-rounds/dapp/node_modules/viem/utils/errors/getContractError.ts:82 |   return new ContractFunctionExecutionError(cause as BaseError, { | ContractFunctionExecutionError: The contract function "push" reverted. | Error: ExceedsAcquired(address instrument, uint256 attempted, uint256 acquired) |     at getContractError (/home/runner/work/switch-rounds/switch-rounds
2026-09-28T23:36:54.736Z once: done, 1 failure(s)
2026-09-28T23:57:37.150Z LIVE worker started → /home/runner/work/switch-rounds/switch-rounds/data (once)
2026-09-28T23:58:32.295Z round 164 exit 1 /home/runner/work/switch-rounds/switch-rounds/dapp/node_modules/viem/utils/errors/getContractError.ts:82 |   return new ContractFunctionExecutionError(cause as BaseError, { | ContractFunctionExecutionError: The contract function "push" reverted. | Error: ExceedsAcquired(address instrument, uint256 attempted, uint256 acquired) |     at getContractError (/home/runner/work/switch-rounds/switch-rounds
2026-09-29T00:00:29.000Z round 164 exit 1 /home/runner/work/switch-rounds/switch-rounds/dapp/node_modules/viem/utils/errors/getContractError.ts:82 |   return new ContractFunctionExecutionError(cause as BaseError, { | ContractFunctionExecutionError: The contract function "push" reverted. | Error: ExceedsAcquired(address instrument, uint256 attempted, uint256 acquired) |     at getContractError (/home/runner/work/switch-rounds/switch-rounds
2026-09-29T00:03:22.435Z round 164 exit 1 /home/runner/work/switch-rounds/switch-rounds/dapp/node_modules/viem/utils/errors/getContractError.ts:82 |   return new ContractFunctionExecutionError(cause as BaseError, { | ContractFunctionExecutionError: The contract function "push" reverted. | Error: ExceedsAcquired(address instrument, uint256 attempted, uint256 acquired) |     at getContractError (/home/runner/work/switch-rounds/switch-rounds
2026-09-29T00:06:22.507Z round 164 failed 3 times
2026-09-29T00:06:58.613Z push run exit 1 /home/runner/work/switch-rounds/switch-rounds/dapp/node_modules/viem/utils/errors/getContractError.ts:82 |   return new ContractFunctionExecutionError(cause as BaseError, { | ContractFunctionExecutionError: The contract function "push" reverted. | Error: ExceedsAcquired(address instrument, uint256 attempted, uint256 acquired) |     at getContractError (/home/runner/work/switch-rounds/switch-rounds
2026-09-29T00:06:58.613Z once: done, 1 failure(s)
2026-09-29T00:22:32.883Z LIVE worker started → /home/runner/work/switch-rounds/switch-rounds/data (once)
2026-09-29T00:23:28.090Z round 165 exit 1 /home/runner/work/switch-rounds/switch-rounds/dapp/node_modules/viem/utils/errors/getContractError.ts:82 |   return new ContractFunctionExecutionError(cause as BaseError, { | ContractFunctionExecutionError: The contract function "push" reverted. | Error: ExceedsAcquired(address instrument, uint256 attempted, uint256 acquired) |     at getContractError (/home/runner/work/switch-rounds/switch-rounds
2026-09-29T00:25:26.394Z round 165 exit 1 /home/runner/work/switch-rounds/switch-rounds/dapp/node_modules/viem/utils/errors/getContractError.ts:82 |   return new ContractFunctionExecutionError(cause as BaseError, { | ContractFunctionExecutionError: The contract function "push" reverted. | Error: ExceedsAcquired(address instrument, uint256 attempted, uint256 acquired) |     at getContractError (/home/runner/work/switch-rounds/switch-rounds
2026-09-29T00:28:25.439Z round 165 exit 1 /home/runner/work/switch-rounds/switch-rounds/dapp/node_modules/viem/utils/errors/getContractError.ts:82 |   return new ContractFunctionExecutionError(cause as BaseError, { | ContractFunctionExecutionError: The contract function "push" reverted. | Error: ExceedsAcquired(address instrument, uint256 attempted, uint256 acquired) |     at getContractError (/home/runner/work/switch-rounds/switch-rounds
2026-09-29T00:31:25.441Z round 165 failed 3 times
2026-09-29T00:32:01.817Z push run exit 1 /home/runner/work/switch-rounds/switch-rounds/dapp/node_modules/viem/utils/errors/getContractError.ts:82 |   return new ContractFunctionExecutionError(cause as BaseError, { | ContractFunctionExecutionError: The contract function "push" reverted. | Error: ExceedsAcquired(address instrument, uint256 attempted, uint256 acquired) |     at getContractError (/home/runner/work/switch-rounds/switch-rounds
2026-09-29T00:32:01.817Z once: done, 1 failure(s)
2026-09-29T00:38:32.471Z LIVE worker started → /home/runner/work/switch-rounds/switch-rounds/data (once)
2026-09-29T00:39:31.755Z round 166 exit 1 /home/runner/work/switch-rounds/switch-rounds/dapp/node_modules/viem/utils/errors/getContractError.ts:82 |   return new ContractFunctionExecutionError(cause as BaseError, { | ContractFunctionExecutionError: The contract function "push" reverted. | Error: ExceedsAcquired(address instrument, uint256 attempted, uint256 acquired) |     at getContractError (/home/runner/work/switch-rounds/switch-rounds
2026-09-29T00:41:23.816Z round 166 exit 1 /home/runner/work/switch-rounds/switch-rounds/dapp/node_modules/viem/utils/errors/getContractError.ts:82 |   return new ContractFunctionExecutionError(cause as BaseError, { | ContractFunctionExecutionError: The contract function "push" reverted. | Error: ExceedsAcquired(address instrument, uint256 attempted, uint256 acquired) |     at getContractError (/home/runner/work/switch-rounds/switch-rounds
2026-09-29T00:44:21.363Z round 166 exit 1 /home/runner/work/switch-rounds/switch-rounds/dapp/node_modules/viem/utils/errors/getContractError.ts:82 |   return new ContractFunctionExecutionError(cause as BaseError, { | ContractFunctionExecutionError: The contract function "push" reverted. | Error: ExceedsAcquired(address instrument, uint256 attempted, uint256 acquired) |     at getContractError (/home/runner/work/switch-rounds/switch-rounds
2026-09-29T00:47:21.371Z round 166 failed 3 times
2026-09-29T00:47:58.493Z push run exit 1 /home/runner/work/switch-rounds/switch-rounds/dapp/node_modules/viem/utils/errors/getContractError.ts:82 |   return new ContractFunctionExecutionError(cause as BaseError, { | ContractFunctionExecutionError: The contract function "push" reverted. | Error: ExceedsAcquired(address instrument, uint256 attempted, uint256 acquired) |     at getContractError (/home/runner/work/switch-rounds/switch-rounds
2026-09-29T00:47:58.493Z once: done, 1 failure(s)
2026-09-29T00:49:17.491Z LIVE worker started → /home/runner/work/switch-rounds/switch-rounds/data (once)
2026-09-29T00:50:31.296Z round 167 exit 1 /home/runner/work/switch-rounds/switch-rounds/dapp/node_modules/viem/utils/errors/getContractError.ts:82 |   return new ContractFunctionExecutionError(cause as BaseError, { | ContractFunctionExecutionError: The contract function "push" reverted. | Error: ExceedsAcquired(address instrument, uint256 attempted, uint256 acquired) |     at getContractError (/home/runner/work/switch-rounds/switch-rounds
2026-09-29T00:52:44.608Z round 167 exit 1 /home/runner/work/switch-rounds/switch-rounds/dapp/node_modules/viem/utils/errors/getContractError.ts:82 |   return new ContractFunctionExecutionError(cause as BaseError, { | ContractFunctionExecutionError: The contract function "push" reverted. | Error: ExceedsAcquired(address instrument, uint256 attempted, uint256 acquired) |     at getContractError (/home/runner/work/switch-rounds/switch-rounds
2026-09-29T00:55:53.642Z round 167 exit 1 /home/runner/work/switch-rounds/switch-rounds/dapp/node_modules/viem/utils/errors/getContractError.ts:82 |   return new ContractFunctionExecutionError(cause as BaseError, { | ContractFunctionExecutionError: The contract function "push" reverted. | Error: ExceedsAcquired(address instrument, uint256 attempted, uint256 acquired) |     at getContractError (/home/runner/work/switch-rounds/switch-rounds
2026-09-29T00:58:53.737Z round 167 failed 3 times
2026-09-29T00:59:47.499Z push run exit 1 /home/runner/work/switch-rounds/switch-rounds/dapp/node_modules/viem/utils/errors/getContractError.ts:82 |   return new ContractFunctionExecutionError(cause as BaseError, { | ContractFunctionExecutionError: The contract function "push" reverted. | Error: ExceedsAcquired(address instrument, uint256 attempted, uint256 acquired) |     at getContractError (/home/runner/work/switch-rounds/switch-rounds
2026-09-29T00:59:47.499Z once: done, 1 failure(s)
2026-09-29T01:16:17.172Z LIVE worker started → /home/runner/work/switch-rounds/switch-rounds/data (once)
2026-09-29T01:18:39.070Z round 168 exit 1 /home/runner/work/switch-rounds/switch-rounds/dapp/node_modules/viem/utils/errors/getContractError.ts:82 |   return new ContractFunctionExecutionError(cause as BaseError, { | ContractFunctionExecutionError: The contract function "push" reverted. | Error: ExceedsAcquired(address instrument, uint256 attempted, uint256 acquired) |     at getContractError (/home/runner/work/switch-rounds/switch-rounds
2026-09-29T01:22:02.621Z round 168 exit 1 /home/runner/work/switch-rounds/switch-rounds/dapp/node_modules/viem/utils/errors/getContractError.ts:82 |   return new ContractFunctionExecutionError(cause as BaseError, { | ContractFunctionExecutionError: The contract function "push" reverted. | Error: ExceedsAcquired(address instrument, uint256 attempted, uint256 acquired) |     at getContractError (/home/runner/work/switch-rounds/switch-rounds
2026-09-29T01:26:19.813Z round 168 exit 1 /home/runner/work/switch-rounds/switch-rounds/dapp/node_modules/viem/utils/errors/getContractError.ts:82 |   return new ContractFunctionExecutionError(cause as BaseError, { | ContractFunctionExecutionError: The contract function "push" reverted. | Error: ExceedsAcquired(address instrument, uint256 attempted, uint256 acquired) |     at getContractError (/home/runner/work/switch-rounds/switch-rounds
2026-09-29T01:29:19.858Z round 168 failed 3 times
2026-09-29T01:31:10.050Z push run exit 1 /home/runner/work/switch-rounds/switch-rounds/dapp/node_modules/viem/utils/errors/getContractError.ts:82 |   return new ContractFunctionExecutionError(cause as BaseError, { | ContractFunctionExecutionError: The contract function "push" reverted. | Error: ExceedsAcquired(address instrument, uint256 attempted, uint256 acquired) |     at getContractError (/home/runner/work/switch-rounds/switch-rounds
2026-09-29T01:31:10.050Z once: done, 1 failure(s)
2026-09-29T02:15:07.430Z LIVE worker started → /home/runner/work/switch-rounds/switch-rounds/data (once)
2026-09-29T02:15:56.252Z round 169 exit 1 /home/runner/work/switch-rounds/switch-rounds/dapp/node_modules/viem/utils/errors/getContractError.ts:82 |   return new ContractFunctionExecutionError(cause as BaseError, { | ContractFunctionExecutionError: The contract function "push" reverted. | Error: ExceedsAcquired(address instrument, uint256 attempted, uint256 acquired) |     at getContractError (/home/runner/work/switch-rounds/switch-rounds
2026-09-29T02:17:39.796Z round 169 exit 1 /home/runner/work/switch-rounds/switch-rounds/dapp/node_modules/viem/utils/errors/getContractError.ts:82 |   return new ContractFunctionExecutionError(cause as BaseError, { | ContractFunctionExecutionError: The contract function "push" reverted. | Error: ExceedsAcquired(address instrument, uint256 attempted, uint256 acquired) |     at getContractError (/home/runner/work/switch-rounds/switch-rounds
2026-09-29T02:20:29.672Z round 169 exit 1 /home/runner/work/switch-rounds/switch-rounds/dapp/node_modules/viem/utils/errors/getContractError.ts:82 |   return new ContractFunctionExecutionError(cause as BaseError, { | ContractFunctionExecutionError: The contract function "push" reverted. | Error: ExceedsAcquired(address instrument, uint256 attempted, uint256 acquired) |     at getContractError (/home/runner/work/switch-rounds/switch-rounds
2026-09-29T02:23:29.744Z round 169 failed 3 times
2026-09-29T02:24:08.099Z push run exit 1 /home/runner/work/switch-rounds/switch-rounds/dapp/node_modules/viem/utils/errors/getContractError.ts:82 |   return new ContractFunctionExecutionError(cause as BaseError, { | ContractFunctionExecutionError: The contract function "push" reverted. | Error: ExceedsAcquired(address instrument, uint256 attempted, uint256 acquired) |     at getContractError (/home/runner/work/switch-rounds/switch-rounds
2026-09-29T02:24:08.099Z once: done, 1 failure(s)
